timestamp_ms,vertical_name,records_count,status_code,response_time_ms
2025-10-28T23:21:36.835863,water_quality,0,0,98240.76
2025-10-28T23:21:36.836712,water_quality,0,0,94127.46
2025-10-28T23:21:36.837412,water_quality,0,0,104443.68
2025-10-28T23:21:36.837716,waste_management,0,0,104376.99
2025-10-28T23:21:36.838028,waste_management,0,0,104160.25
2025-10-28T23:21:36.852498,waste_management,0,0,95914.53
2025-10-28T23:21:36.853198,waste_management,0,0,106174.74
2025-10-28T23:21:36.854834,water_quality,0,0,101767.97
2025-10-28T23:21:36.855346,waste_management,0,0,100299.01
2025-10-28T23:21:36.860122,waste_management,0,0,108973.42
2025-10-28T23:21:36.860482,waste_management,0,0,108949.87
2025-10-28T23:21:37.174779,waste_management,1,200,98342.42
2025-10-28T23:21:37.206818,waste_management,0,503,100042.32
2025-10-28T23:21:37.207306,water_quality,0,503,98558.91
2025-10-28T23:21:37.207619,waste_management,0,503,96937.6
2025-10-28T23:21:37.207896,waste_management,0,503,98348.46
2025-10-28T23:21:37.281869,waste_management,1,200,418.24
2025-10-28T23:21:37.290239,waste_management,1,200,419.3
2025-10-28T23:21:37.308985,water_quality,91,200,449.35
2025-10-28T23:21:37.322797,water_quality,91,200,449.99
2025-10-28T23:21:37.324781,waste_management,1,200,458.79
2025-10-28T23:21:37.327465,waste_management,1,200,464.63
2025-10-28T23:21:37.331436,waste_management,1,200,459.95
2025-10-28T23:21:37.336711,waste_management,1,200,467.02
2025-10-28T23:21:37.352254,water_quality,91,200,484.37
2025-10-28T23:21:37.352910,waste_management,1,200,483.88
2025-10-28T23:21:37.564869,waste_management,1,200,704.03
2025-10-28T23:21:37.572843,water_quality,91,200,707.62
2025-10-28T23:21:37.593517,water_quality,91,200,395.67
2025-10-28T23:21:37.601791,water_quality,91,200,739.53
2025-10-28T23:21:37.607143,water_quality,91,200,413.45
2025-10-28T23:21:37.614707,water_quality,91,200,740.73
2025-10-28T23:21:37.620648,water_quality,91,200,408.3
2025-10-28T23:21:37.621293,waste_management,1,200,749.15
2025-10-28T23:21:37.621662,waste_management,1,200,747.59
2025-10-28T23:21:37.695334,waste_management,1,200,424.1
2025-10-28T23:21:37.695827,waste_management,1,200,821.2
2025-10-28T23:21:37.696164,waste_management,1,200,526.24
2025-10-28T23:21:37.696544,waste_management,1,200,823.22
2025-10-28T23:21:37.697008,waste_management,1,200,422.74
2025-10-28T23:21:37.698281,waste_management,1,200,404.72
2025-10-28T23:21:37.728165,water_quality,79,200,422.62
2025-10-28T23:21:37.857805,water_quality,79,200,506.91
2025-10-28T23:21:37.858448,waste_management,1,200,443.44
2025-10-28T23:21:37.866058,water_quality,78,200,449.19
2025-10-28T23:21:37.866596,waste_management,1,200,423.85
2025-10-28T23:21:37.866977,waste_management,1,200,481.77
2025-10-28T23:21:37.871910,water_quality,78,200,541.81
2025-10-28T23:21:37.872343,waste_management,1,200,462.78
2025-10-28T23:21:37.878593,water_quality,78,200,454.67
2025-10-28T23:21:37.879165,waste_management,1,200,246.93
2025-10-28T23:21:37.884146,water_quality,78,200,284.82
2025-10-28T23:21:37.885105,waste_management,1,200,545.98
2025-10-28T23:21:37.910794,waste_management,1,200,209.06
2025-10-28T23:21:37.924183,waste_management,1,200,110.51
2025-10-28T23:21:37.925230,waste_management,1,200,122.81
2025-10-28T23:21:37.939042,waste_management,1,200,146.1
2025-10-28T23:21:37.939820,waste_management,1,200,118.47
2025-10-28T23:21:37.946341,water_quality,65,200,176.1
2025-10-28T23:21:37.946808,waste_management,1,200,186.6
2025-10-28T23:21:37.947132,waste_management,1,200,160.13
2025-10-28T23:21:37.961634,water_quality,62,200,61.86
2025-10-28T23:21:37.962205,waste_management,1,200,20.1
2025-10-28T23:21:38.040020,waste_management,1,200,10.11
2025-10-28T23:21:38.142710,waste_management,1,200,62.27
2025-10-28T23:21:38.150569,water_quality,55,200,81.69
2025-10-28T23:21:38.163043,water_quality,55,200,92.54
2025-10-28T23:21:38.175138,waste_management,1,200,48.54
2025-10-28T23:21:38.190362,water_quality,55,200,92.22
2025-10-28T23:21:38.197374,waste_management,1,200,71.71
2025-10-28T23:21:38.208544,waste_management,1,200,53.51
2025-10-28T23:21:38.278116,waste_management,1,200,87.5
2025-10-28T23:21:38.286246,water_quality,55,200,111.88
2025-10-28T23:21:38.291536,water_quality,54,200,110.31
2025-10-28T23:21:38.362724,waste_management,1,200,162.8
2025-10-28T23:21:38.379451,waste_management,1,200,177.3
2025-10-28T23:21:38.462063,waste_management,1,200,249.37
2025-10-28T23:21:38.463223,waste_management,1,200,221.37
2025-10-28T23:21:38.463672,waste_management,1,200,209.1
2025-10-28T23:21:38.470168,water_quality,43,200,170.74
2025-10-28T23:21:38.493747,waste_management,1,200,121.55
2025-10-28T23:21:38.550085,waste_management,1,200,162.68
2025-10-28T23:21:38.555988,water_quality,36,200,138.29
2025-10-28T23:21:38.559607,water_quality,36,200,138.91
2025-10-28T23:21:38.560004,waste_management,1,200,98.72
2025-10-28T23:21:38.562865,water_quality,36,200,180.95
2025-10-28T23:21:38.563219,waste_management,1,200,137.91
2025-10-28T23:21:38.577408,waste_management,1,200,78.21
2025-10-28T23:21:38.579395,waste_management,1,200,58.69
2025-10-28T23:21:38.580600,waste_management,1,200,37.25
2025-10-28T23:21:38.601710,water_quality,29,200,11.49
2025-10-28T23:21:38.743052,water_quality,31,200,65.03
2025-10-28T23:21:38.795608,water_quality,31,200,99.87
2025-10-28T23:21:38.796947,waste_management,1,200,101.06
2025-10-28T23:21:38.859294,water_quality,29,200,129.16
2025-10-28T23:21:38.875213,water_quality,29,200,133.7
2025-10-28T23:21:38.876998,waste_management,1,200,104.84
2025-10-28T23:21:38.877646,waste_management,1,200,168.68
2025-10-28T23:21:38.926294,waste_management,1,200,141.02
2025-10-28T23:21:38.932436,water_quality,29,200,158.34
2025-10-28T23:21:38.938442,water_quality,29,200,163.02
2025-10-28T23:21:38.939378,waste_management,1,200,110.84
2025-10-28T23:21:38.939734,waste_management,1,200,115.79
2025-10-28T23:21:38.940825,waste_management,1,200,123.01
2025-10-28T23:21:38.942813,water_quality,30,200,106.69
2025-10-28T23:21:38.972592,water_quality,29,200,96.81
2025-10-28T23:21:39.168669,waste_management,1,200,243.92
2025-10-28T23:21:39.169034,waste_management,1,200,228.09
2025-10-28T23:21:39.173892,water_quality,28,200,211.7
2025-10-28T23:21:39.176764,water_quality,28,200,248.94
2025-10-28T23:21:39.177439,waste_management,1,200,213.8
2025-10-28T23:21:39.273171,waste_management,1,200,214.49
2025-10-28T23:21:39.274245,waste_management,1,200,261.11
2025-10-28T23:21:39.275399,waste_management,1,200,181.74
2025-10-28T23:21:39.283531,water_quality,27,200,251.52
2025-10-28T23:21:39.286392,water_quality,27,200,193.94
2025-10-28T23:21:39.290749,water_quality,26,200,253.78
2025-10-28T23:21:39.316992,waste_management,1,200,123.09
2025-10-28T23:21:39.384151,waste_management,1,200,138.09
2025-10-28T23:21:39.389476,water_quality,26,200,97.95
2025-10-28T23:21:39.392909,water_quality,26,200,181.5
2025-10-28T23:21:39.393474,waste_management,1,200,116.74
2025-10-28T23:21:39.413982,waste_management,1,200,90.66
2025-10-28T23:21:39.429173,water_quality,28,200,120.25
2025-10-28T23:21:39.442070,waste_management,1,200,59.42
2025-10-28T23:21:39.450957,waste_management,1,200,49.0
2025-10-28T23:21:39.457481,water_quality,29,200,98.64
2025-10-28T23:21:39.476588,water_quality,29,200,78.56
2025-10-28T23:21:39.505987,waste_management,1,200,33.1
2025-10-28T23:21:39.510491,water_quality,27,200,35.56
2025-10-28T23:21:39.518968,water_quality,27,200,31.67
2025-10-28T23:21:39.530327,water_quality,27,200,13.13
2025-10-28T23:21:39.548999,waste_management,1,200,22.68
2025-10-28T23:21:39.555577,waste_management,1,200,16.76
2025-10-28T23:21:39.559821,water_quality,27,200,18.12
2025-10-28T23:21:39.586174,water_quality,27,200,17.56
2025-10-28T23:21:39.613332,water_quality,27,200,22.65
2025-10-28T23:21:39.618845,waste_management,1,200,22.75
2025-10-28T23:21:39.749311,waste_management,1,200,111.29
2025-10-28T23:21:39.751196,waste_management,1,200,119.6
2025-10-28T23:21:39.760004,water_quality,27,200,116.5
2025-10-28T23:21:39.762113,waste_management,1,200,128.16
2025-10-28T23:21:39.787720,water_quality,28,200,158.7
2025-10-28T23:21:39.793673,water_quality,29,200,87.56
2025-10-28T23:21:39.809175,water_quality,29,200,118.28
2025-10-28T23:21:39.810625,waste_management,1,200,59.08
2025-10-28T23:21:39.816189,waste_management,1,200,43.55
2025-10-28T23:21:39.822742,water_quality,29,200,53.46
2025-10-28T23:21:39.856954,waste_management,1,200,56.62
2025-10-28T23:21:39.902726,water_quality,28,200,75.93
2025-10-28T23:21:40.001652,water_quality,28,200,165.54
2025-10-28T23:21:40.006067,water_quality,28,200,178.96
2025-10-28T23:21:40.008463,water_quality,28,200,156.48
2025-10-28T23:21:40.100040,water_quality,28,200,207.64
2025-10-28T23:21:40.100554,waste_management,1,200,200.66
2025-10-28T23:21:40.101188,waste_management,1,200,136.81
2025-10-28T23:21:40.291126,waste_management,1,200,288.01
2025-10-28T23:21:40.294095,water_quality,30,200,370.23
2025-10-28T23:21:40.294479,waste_management,1,200,433.72
2025-10-28T23:21:40.295176,water_quality,26,200,53.47
2025-10-28T23:21:40.296513,water_quality,30,200,392.82
2025-10-28T23:21:40.462245,water_quality,26,200,398.66
2025-10-28T23:21:40.464854,water_quality,26,200,363.24
2025-10-28T23:21:40.465480,waste_management,1,200,291.69
2025-10-28T23:21:40.468432,water_quality,26,200,361.87
2025-10-28T23:21:40.469029,waste_management,1,200,260.28
2025-10-28T23:21:40.469813,waste_management,1,200,203.31
2025-10-28T23:21:40.509195,waste_management,1,200,203.8
2025-10-28T23:21:40.510180,waste_management,1,200,382.9
2025-10-28T23:21:40.521128,water_quality,28,200,220.23
2025-10-28T23:21:40.527868,water_quality,28,200,209.83
2025-10-28T23:21:40.539771,water_quality,27,200,232.22
2025-10-28T23:21:40.548583,waste_management,1,200,278.66
2025-10-28T23:21:40.552919,waste_management,1,200,232.21
2025-10-28T23:21:40.592133,water_quality,28,200,234.62
2025-10-28T23:21:40.595406,water_quality,28,200,263.0
2025-10-28T23:21:40.606880,water_quality,28,200,181.97
2025-10-28T23:21:40.761318,waste_management,1,200,398.96
2025-10-28T23:21:40.762394,waste_management,1,200,374.19
2025-10-28T23:21:40.765682,waste_management,1,200,362.72
2025-10-28T23:21:40.766865,waste_management,1,200,356.14
2025-10-28T23:21:40.773760,water_quality,28,200,321.62
2025-10-28T23:21:40.777366,water_quality,28,200,418.31
2025-10-28T23:21:40.777963,waste_management,1,200,401.33
2025-10-28T23:21:40.785361,water_quality,28,200,329.52
2025-10-28T23:21:40.786193,waste_management,1,200,282.59
2025-10-28T23:21:40.786900,water_quality,26,200,182.14
2025-10-28T23:21:40.806120,waste_management,1,200,262.74
2025-10-28T23:21:40.807629,waste_management,1,200,208.81
2025-10-28T23:21:40.809855,waste_management,1,200,80.6
2025-10-28T23:21:40.812916,water_quality,26,200,222.78
2025-10-28T23:21:40.813552,waste_management,1,200,42.26
2025-10-28T23:21:40.842155,waste_management,1,200,22.27
2025-10-28T23:21:40.856196,water_quality,26,200,10.43
2025-10-28T23:21:40.941112,water_quality,27,200,67.89
2025-10-28T23:21:40.961121,water_quality,27,200,80.77
2025-10-28T23:21:40.970392,water_quality,27,200,82.12
2025-10-28T23:21:40.985068,water_quality,27,200,78.34
2025-10-28T23:21:40.991355,water_quality,27,200,74.99
2025-10-28T23:21:40.997405,water_quality,27,200,79.37
2025-10-28T23:21:40.998829,waste_management,1,200,92.13
2025-10-28T23:21:41.002123,waste_management,1,200,71.23
2025-10-28T23:21:41.019988,water_quality,27,200,33.72
2025-10-28T23:21:41.020653,waste_management,1,200,25.23
2025-10-28T23:21:41.021073,waste_management,1,200,15.41
2025-10-28T23:21:41.050299,waste_management,1,200,22.93
2025-10-28T23:21:41.055407,waste_management,1,200,15.26
2025-10-28T23:21:41.059191,water_quality,27,200,17.63
2025-10-28T23:21:41.071917,waste_management,1,200,12.55
2025-10-28T23:21:41.091713,water_quality,27,200,13.15
2025-10-28T23:21:41.116693,water_quality,28,200,28.06
2025-10-28T23:21:41.125611,water_quality,28,200,37.4
2025-10-28T23:21:41.134970,water_quality,28,200,27.81
2025-10-28T23:21:41.142381,water_quality,28,200,39.76
2025-10-28T23:21:41.279280,waste_management,1,200,138.11
2025-10-28T23:21:41.324403,waste_management,1,200,180.95
2025-10-28T23:21:41.325046,waste_management,1,200,114.99
2025-10-28T23:21:41.352912,water_quality,31,200,98.16
2025-10-28T23:21:41.355638,waste_management,1,200,89.45
2025-10-28T23:21:41.403823,water_quality,31,200,115.66
2025-10-28T23:21:41.408910,water_quality,32,200,80.45
2025-10-28T23:21:41.409755,waste_management,1,200,66.38
2025-10-28T23:21:41.410411,waste_management,1,200,69.23
2025-10-28T23:21:41.485335,waste_management,1,200,131.06
2025-10-28T23:21:41.486081,waste_management,1,200,91.8
2025-10-28T23:21:41.491380,water_quality,31,200,110.89
2025-10-28T23:21:41.543459,water_quality,31,200,97.01
2025-10-28T23:21:41.715941,waste_management,1,200,228.53
2025-10-28T23:21:41.716796,waste_management,1,200,246.42
2025-10-28T23:21:41.747292,waste_management,1,200,178.79
2025-10-28T23:21:41.750289,water_quality,28,200,190.5
2025-10-28T23:21:41.751445,waste_management,1,200,279.95
2025-10-28T23:21:41.752587,waste_management,1,200,257.85
2025-10-28T23:21:41.753737,waste_management,1,200,253.18
2025-10-28T23:21:41.770820,water_quality,30,200,17.37
2025-10-28T23:21:41.786340,waste_management,1,200,72.0
2025-10-28T23:21:41.803968,water_quality,30,200,148.17
2025-10-28T23:21:41.805817,waste_management,1,200,152.35
2025-10-28T23:21:41.815547,waste_management,1,200,140.18
2025-10-28T23:21:41.821583,water_quality,30,200,209.64
2025-10-28T23:21:41.825342,water_quality,30,200,133.85
2025-10-28T23:21:41.842601,waste_management,1,200,76.05
2025-10-28T23:21:41.843282,waste_management,1,200,65.0
2025-10-28T23:21:41.846025,water_quality,30,200,52.05
2025-10-28T23:21:41.859505,water_quality,30,200,54.86
2025-10-28T23:21:41.863998,water_quality,30,200,28.01
2025-10-28T23:21:41.894708,water_quality,30,200,17.66
2025-10-28T23:21:41.939369,waste_management,1,200,55.41
2025-10-28T23:21:41.974967,water_quality,30,200,85.17
2025-10-28T23:21:41.976159,waste_management,1,200,88.24
2025-10-28T23:21:41.980478,water_quality,30,200,99.01
2025-10-28T23:21:41.980926,waste_management,1,200,87.79
2025-10-28T23:21:42.096522,water_quality,28,200,124.76
2025-10-28T23:21:42.110708,water_quality,28,200,103.27
2025-10-28T23:21:42.113723,water_quality,28,200,118.28
2025-10-28T23:21:42.125351,water_quality,28,200,121.2
2025-10-28T23:21:42.134270,waste_management,1,200,41.5
2025-10-28T23:21:42.138779,water_quality,28,200,56.56
2025-10-28T23:21:42.141604,water_quality,28,200,43.94
2025-10-28T23:21:42.143842,water_quality,28,200,93.65
2025-10-28T23:21:42.146433,water_quality,28,200,54.47
2025-10-28T23:21:42.146748,waste_management,1,200,49.91
2025-10-28T23:21:42.153432,waste_management,1,200,41.43
2025-10-28T23:21:42.173501,waste_management,1,200,14.92
2025-10-28T23:21:42.195747,waste_management,1,200,31.71
2025-10-28T23:21:42.327310,water_quality,30,200,137.29
2025-10-28T23:21:42.340631,water_quality,30,200,157.11
2025-10-28T23:21:42.345003,water_quality,30,200,163.72
2025-10-28T23:21:42.350182,waste_management,1,200,159.75
2025-10-28T23:21:42.382459,water_quality,30,200,80.23
2025-10-28T23:21:42.387177,water_quality,30,200,152.14
2025-10-28T23:21:42.403060,water_quality,31,200,70.76
2025-10-28T23:21:42.407480,waste_management,1,200,152.84
2025-10-28T23:21:42.416579,water_quality,31,200,106.4
2025-10-28T23:21:42.421292,water_quality,31,200,115.38
2025-10-28T23:21:42.424453,water_quality,31,200,80.39
2025-10-28T23:21:42.428588,water_quality,31,200,88.99
2025-10-28T23:21:42.441591,waste_management,1,200,77.06
2025-10-28T23:21:42.443637,waste_management,1,200,67.58
2025-10-28T23:21:42.449447,water_quality,30,200,53.74
2025-10-28T23:21:42.474216,water_quality,30,200,34.63
2025-10-28T23:21:42.478878,water_quality,30,200,25.57
2025-10-28T23:21:42.479323,waste_management,1,200,29.69
2025-10-28T23:21:42.484164,water_quality,30,200,26.94
2025-10-28T23:21:42.489016,waste_management,1,200,13.48
2025-10-28T23:21:42.501851,waste_management,1,200,7.47
2025-10-28T23:21:42.557076,water_quality,32,200,25.9
2025-10-28T23:21:42.567823,waste_management,1,200,13.86
2025-10-28T23:21:42.583878,waste_management,1,200,10.57
2025-10-28T23:21:42.586165,waste_management,1,200,9.01
2025-10-28T23:21:42.634411,water_quality,32,200,46.62
2025-10-28T23:21:42.717417,waste_management,1,200,80.59
2025-10-28T23:21:42.765532,waste_management,1,200,117.86
2025-10-28T23:21:42.817106,waste_management,1,200,138.32
2025-10-28T23:21:42.827072,waste_management,1,200,86.13
2025-10-28T23:21:42.903038,water_quality,31,200,214.53
2025-10-28T23:21:42.904059,waste_management,1,200,190.09
2025-10-28T23:21:42.908671,water_quality,31,200,238.19
2025-10-28T23:21:42.913411,water_quality,31,200,226.39
2025-10-28T23:21:42.916731,water_quality,32,200,140.32
2025-10-28T23:21:42.917427,waste_management,1,200,142.52
2025-10-28T23:21:42.983798,water_quality,31,200,186.03
2025-10-28T23:21:43.001381,water_quality,31,200,222.02
2025-10-28T23:21:43.008152,water_quality,31,200,186.28
2025-10-28T23:21:43.030184,waste_management,1,200,136.29
2025-10-28T23:21:43.042152,water_quality,31,200,83.04
2025-10-28T23:21:43.043709,waste_management,1,200,171.64
2025-10-28T23:21:43.056988,waste_management,1,200,133.16
2025-10-28T23:21:43.072496,water_quality,31,200,133.58
2025-10-28T23:21:43.080758,water_quality,31,200,204.44
2025-10-28T23:21:43.081989,waste_management,1,200,194.02
2025-10-28T23:21:43.084244,waste_management,1,200,143.56
2025-10-28T23:21:43.093127,water_quality,32,200,134.29
2025-10-28T23:21:43.123975,waste_management,1,200,111.58
2025-10-28T23:21:43.162132,water_quality,31,200,113.79
2025-10-28T23:21:43.180098,waste_management,1,200,65.86
2025-10-28T23:21:43.181425,waste_management,1,200,57.19
2025-10-28T23:21:43.188478,waste_management,1,200,21.72
2025-10-28T23:21:43.263365,water_quality,30,200,59.09
2025-10-28T23:21:43.263922,waste_management,1,200,59.51
2025-10-28T23:21:43.274871,water_quality,30,200,45.89
2025-10-28T23:21:43.278157,water_quality,30,200,20.17
2025-10-28T23:21:43.278536,waste_management,1,200,62.04
2025-10-28T23:21:43.305899,water_quality,30,200,19.04
2025-10-28T23:21:43.320326,water_quality,30,200,29.28
2025-10-28T23:21:43.323648,waste_management,1,200,26.05
2025-10-28T23:21:43.328447,water_quality,30,200,22.04
2025-10-28T23:21:43.366097,water_quality,30,200,32.65
2025-10-28T23:21:43.465425,water_quality,28,200,116.2
2025-10-28T23:21:43.584365,water_quality,28,200,174.23
2025-10-28T23:21:43.587505,waste_management,1,200,198.14
2025-10-28T23:21:43.590259,water_quality,28,200,174.14
2025-10-28T23:21:43.595457,water_quality,28,200,184.11
2025-10-28T23:21:43.666655,waste_management,1,200,207.53
2025-10-28T23:21:43.667186,waste_management,1,200,281.88
2025-10-28T23:21:43.670526,water_quality,28,200,216.88
2025-10-28T23:21:43.786562,water_quality,27,200,281.08
2025-10-28T23:21:43.792775,water_quality,27,200,292.09
2025-10-28T23:21:43.795908,waste_management,1,200,292.86
2025-10-28T23:21:43.796238,waste_management,1,200,301.16
2025-10-28T23:21:43.796864,waste_management,1,200,303.63
2025-10-28T23:21:43.798939,water_quality,27,200,283.06
2025-10-28T23:21:43.880401,waste_management,1,200,189.95
2025-10-28T23:21:43.889489,water_quality,23,200,233.13
2025-10-28T23:21:43.897951,water_quality,23,200,310.97
2025-10-28T23:21:43.905704,water_quality,23,200,295.18
2025-10-28T23:21:43.944730,waste_management,1,200,207.8
2025-10-28T23:21:44.056515,water_quality,26,200,613.3
2025-10-28T23:21:44.133189,water_quality,24,200,387.7
2025-10-28T23:21:44.133841,waste_management,1,200,296.01
2025-10-28T23:21:44.134210,waste_management,1,200,371.77
2025-10-28T23:21:44.135276,waste_management,1,200,434.11
2025-10-28T23:21:44.137826,water_quality,24,200,371.24
2025-10-28T23:21:44.138173,waste_management,1,200,271.36
2025-10-28T23:21:44.138480,waste_management,1,200,279.47
2025-10-28T23:21:44.138777,waste_management,1,200,299.71
2025-10-28T23:21:44.189746,water_quality,24,200,281.93
2025-10-28T23:21:44.197861,waste_management,1,200,269.74
2025-10-28T23:21:44.213108,water_quality,24,200,292.22
2025-10-28T23:21:44.216821,waste_management,1,200,321.81
2025-10-28T23:21:44.294369,waste_management,1,200,263.15
2025-10-28T23:21:44.296370,waste_management,1,200,211.81
2025-10-28T23:21:44.299496,water_quality,24,200,326.88
2025-10-28T23:21:44.299926,waste_management,1,200,316.97
2025-10-28T23:21:44.302057,water_quality,23,200,224.68
2025-10-28T23:21:44.304046,water_quality,23,200,226.22
2025-10-28T23:21:44.304369,waste_management,1,200,164.41
2025-10-28T23:21:44.306516,water_quality,23,200,171.7
2025-10-28T23:21:44.308586,water_quality,23,200,222.24
2025-10-28T23:21:44.552071,waste_management,1,200,371.78
2025-10-28T23:21:44.555147,water_quality,24,200,345.68
2025-10-28T23:21:44.555529,waste_management,1,200,215.17
2025-10-28T23:21:44.556139,waste_management,1,200,209.42
2025-10-28T23:21:44.558871,water_quality,24,200,300.87
2025-10-28T23:21:44.561306,water_quality,24,200,321.14
2025-10-28T23:21:44.565569,water_quality,24,200,248.5
2025-10-28T23:21:44.569237,water_quality,24,200,313.49
2025-10-28T23:21:44.569967,waste_management,1,200,298.17
2025-10-28T23:21:44.589467,water_quality,27,200,138.82
2025-10-28T23:21:44.604004,waste_management,1,200,218.75
2025-10-28T23:21:44.614613,waste_management,1,200,220.79
2025-10-28T23:21:44.632051,water_quality,27,200,226.05
2025-10-28T23:21:44.660173,waste_management,1,200,128.45
2025-10-28T23:21:44.667904,water_quality,28,200,139.32
2025-10-28T23:22:13.829507,waste_management,1,200,28491.53
2025-10-28T23:23:38.194631,water_quality,0,0,83817.18
2025-10-28T23:23:38.195494,water_quality,0,0,94296.5
2025-10-28T23:23:38.195954,water_quality,0,0,94201.88
2025-10-28T23:23:38.196182,water_quality,0,0,92291.32
2025-10-28T23:23:38.196416,water_quality,0,0,93985.16
2025-10-28T23:23:38.197146,water_quality,0,0,95671.06
2025-10-28T23:23:38.197615,water_quality,0,0,95137.51
2025-10-28T23:23:38.198338,waste_management,0,0,95578.24
2025-10-28T23:23:38.198709,waste_management,0,0,83436.62
2025-10-28T23:23:38.198881,water_quality,0,0,83496.52
2025-10-28T23:23:38.201064,water_quality,0,0,83936.63
2025-10-28T23:23:38.201518,waste_management,0,0,83537.02
2025-10-28T23:23:38.219623,waste_management,0,0,110719.65
2025-10-28T23:23:38.220258,waste_management,0,0,108973.41
2025-10-28T23:23:38.220553,water_quality,0,0,83778.21
2025-10-28T23:23:38.224295,waste_management,0,0,100494.47
2025-10-28T23:23:38.226132,water_quality,0,0,100380.03
2025-10-28T23:23:38.226752,waste_management,0,0,100407.81
2025-10-28T23:23:38.231905,water_quality,0,0,84430.73
2025-10-28T23:23:38.232851,waste_management,0,0,86672.05
2025-10-28T23:23:38.234733,water_quality,0,0,113535.35
2025-10-28T23:23:38.236594,waste_management,0,0,113544.98
2025-10-28T23:23:38.236918,water_quality,0,0,113653.66
2025-10-28T23:23:38.237151,waste_management,0,0,113523.44
2025-10-28T23:23:38.237376,water_quality,0,0,113469.0
2025-10-28T23:23:38.237842,water_quality,0,0,113015.15
2025-10-28T23:23:38.238052,waste_management,0,0,113198.23
2025-10-28T23:23:38.238276,waste_management,0,0,113363.15
2025-10-28T23:23:38.238488,water_quality,0,0,113350.1
2025-10-28T23:23:38.238752,waste_management,0,0,113623.33
2025-10-28T23:23:38.238925,waste_management,0,0,113510.15
2025-10-28T23:23:38.239118,waste_management,0,0,113654.93
2025-10-28T23:23:38.239284,water_quality,0,0,113522.95
2025-10-28T23:23:38.239457,water_quality,0,0,112570.16
2025-10-28T23:23:38.239636,waste_management,0,0,112538.28
2025-10-28T23:23:38.239806,water_quality,0,0,112771.77
2025-10-28T23:23:38.239988,waste_management,0,0,113573.93
2025-10-28T23:23:38.240172,waste_management,0,0,113540.39
2025-10-28T23:23:38.240347,waste_management,0,0,113071.51
2025-10-28T23:23:38.240523,water_quality,0,0,113136.33
2025-10-28T23:23:38.240740,waste_management,0,0,113623.78
2025-10-28T23:23:38.240965,waste_management,0,0,113640.39
2025-10-28T23:23:38.241190,waste_management,0,0,113621.84
2025-10-28T23:23:38.241408,water_quality,0,0,113704.86
2025-10-28T23:23:38.242052,waste_management,0,0,113081.21
2025-10-28T23:23:38.243111,water_quality,0,0,113629.11
2025-10-28T23:23:38.243333,water_quality,0,0,113248.07
2025-10-28T23:23:38.243517,water_quality,0,0,113183.58
2025-10-28T23:23:38.243941,waste_management,0,0,113716.82
2025-10-28T23:23:38.244294,waste_management,0,0,113298.43
2025-10-28T23:23:38.244431,waste_management,0,0,113125.64
2025-10-28T23:23:38.244587,water_quality,0,0,113603.36
2025-10-28T23:23:38.244721,waste_management,0,0,113561.09
2025-10-28T23:23:38.244863,water_quality,0,0,113215.8
2025-10-28T23:23:38.245011,waste_management,0,0,113314.02
2025-10-28T23:23:38.245160,water_quality,0,0,113480.77
2025-10-28T23:23:38.245957,waste_management,0,0,110754.99
2025-10-28T23:23:38.246161,water_quality,0,0,107154.16
2025-10-28T23:23:38.246356,water_quality,0,0,110737.61
2025-10-28T23:23:38.246529,water_quality,0,0,84284.46
2025-10-28T23:23:38.246732,waste_management,0,0,91594.56
2025-10-28T23:23:38.247151,water_quality,0,0,91135.41
2025-10-28T23:23:38.247333,water_quality,0,0,91516.78
2025-10-28T23:23:38.987266,waste_management,1,200,25.11
2025-10-28T23:25:39.596980,waste_management,0,0,120814.68
2025-10-28T23:25:39.602544,water_quality,0,0,120815.0
2025-10-28T23:25:39.603421,waste_management,0,0,120795.39
2025-10-28T23:25:39.603750,water_quality,0,0,120792.62
2025-10-28T23:25:39.604067,water_quality,0,0,120785.54
2025-10-28T23:25:39.604393,waste_management,0,0,120772.51
2025-10-28T23:25:39.604692,water_quality,0,0,120768.62
2025-10-28T23:25:39.605449,waste_management,0,0,121406.36
2025-10-28T23:25:39.605751,waste_management,0,0,121387.72
2025-10-28T23:25:39.606081,water_quality,0,0,121378.65
2025-10-28T23:25:39.606354,water_quality,0,0,121377.09
2025-10-28T23:25:39.606612,waste_management,0,0,121357.41
2025-10-28T23:25:39.606809,waste_management,0,0,121356.77
2025-10-28T23:25:39.606998,water_quality,0,0,121356.26
2025-10-28T23:25:39.607199,waste_management,0,0,121090.84
2025-10-28T23:25:39.607626,waste_management,0,0,121054.97
2025-10-28T23:25:39.609309,waste_management,0,0,121042.52
2025-10-28T23:25:39.609587,water_quality,0,0,121043.3
2025-10-28T23:25:39.611574,waste_management,0,0,121037.22
2025-10-28T23:25:39.612029,waste_management,0,0,121029.38
2025-10-28T23:25:39.612203,water_quality,0,0,121029.07
2025-10-28T23:25:39.612367,water_quality,0,0,121023.5
2025-10-28T23:25:39.612533,water_quality,0,0,121021.92
2025-10-28T23:25:39.612716,water_quality,0,0,121021.74
2025-10-28T23:25:39.612898,water_quality,0,0,120155.62
2025-10-28T23:25:39.613072,waste_management,0,0,121016.74
2025-10-28T23:25:39.613234,waste_management,0,0,121015.27
2025-10-28T23:25:39.613407,water_quality,0,0,121013.82
2025-10-28T23:25:39.613825,water_quality,0,0,121007.97
2025-10-28T23:25:39.613982,water_quality,0,0,120996.38
2025-10-28T23:25:39.614158,water_quality,0,0,120995.81
2025-10-28T23:25:39.614341,waste_management,0,0,120984.06
2025-10-28T23:25:39.614564,waste_management,0,0,120983.58
2025-10-28T23:25:39.614756,water_quality,0,0,120981.9
2025-10-28T23:25:39.615200,waste_management,0,0,120964.46
2025-10-28T23:25:39.615402,waste_management,0,0,120961.72
2025-10-28T23:25:39.615759,water_quality,0,0,120959.85
2025-10-28T23:25:39.615931,water_quality,0,0,120959.68
2025-10-28T23:25:39.616270,water_quality,0,0,120948.76
2025-10-28T23:25:39.616460,water_quality,0,0,120943.06
2025-10-28T23:25:39.616806,water_quality,0,0,120929.7
2025-10-28T23:25:39.618410,water_quality,0,0,120922.58
2025-10-28T23:25:39.618665,waste_management,0,0,120921.13
2025-10-28T23:25:39.618840,water_quality,0,0,120920.78
2025-10-28T23:25:39.619188,waste_management,0,0,120910.48
2025-10-28T23:25:39.619525,waste_management,0,0,120906.29
2025-10-28T23:25:39.619701,waste_management,0,0,120904.5
2025-10-28T23:25:39.620186,waste_management,0,0,120893.12
2025-10-28T23:25:39.620572,water_quality,0,0,120879.71
2025-10-28T23:25:39.620683,water_quality,0,0,120879.4
2025-10-28T23:25:39.621087,waste_management,0,0,120870.8
2025-10-28T23:25:39.621352,waste_management,0,0,120867.64
2025-10-28T23:25:39.621475,waste_management,0,0,120863.13
2025-10-28T23:25:39.621594,water_quality,0,0,120862.82
2025-10-28T23:25:39.621705,water_quality,0,0,120861.2
2025-10-28T23:25:39.621860,waste_management,0,0,120860.94
2025-10-28T23:25:39.621987,waste_management,0,0,120860.72
2025-10-28T23:25:39.622101,water_quality,0,0,120857.97
2025-10-28T23:25:39.622213,waste_management,0,0,120850.98
2025-10-28T23:25:39.622320,water_quality,0,0,120851.55
2025-10-28T23:25:39.622421,water_quality,0,0,120850.85
2025-10-28T23:25:39.622525,water_quality,0,0,120850.23
2025-10-28T23:25:39.623215,water_quality,0,0,120845.26
2025-10-28T23:25:39.623361,waste_management,0,0,120841.65
2025-10-28T23:25:39.623485,water_quality,0,0,120114.15
2025-10-28T23:25:39.623604,water_quality,0,0,120607.79
2025-10-28T23:25:40.493963,water_quality,30,200,57.21
2025-10-28T23:25:40.502992,waste_management,1,200,36.7
2025-10-28T23:25:40.505241,waste_management,1,200,51.41
2025-10-28T23:25:40.587047,waste_management,1,200,53.3
2025-10-28T23:25:40.609479,water_quality,31,200,54.96
2025-10-28T23:27:40.938942,waste_management,0,0,119891.33
2025-10-28T23:27:40.939495,water_quality,0,0,119892.58
2025-10-28T23:27:40.945090,water_quality,0,0,120076.97
2025-10-28T23:27:40.946007,water_quality,0,0,120029.12
2025-10-28T23:27:40.946335,water_quality,0,0,120095.01
2025-10-28T23:27:40.946526,water_quality,0,0,119267.06
2025-10-28T23:27:40.946902,water_quality,0,0,120641.39
2025-10-28T23:27:40.947227,water_quality,0,0,120853.84
2025-10-28T23:27:40.948176,waste_management,0,0,120846.88
2025-10-28T23:27:40.948550,waste_management,0,0,120844.18
2025-10-28T23:27:40.948864,water_quality,0,0,120843.95
2025-10-28T23:27:40.949115,waste_management,0,0,120836.21
2025-10-28T23:27:40.950191,waste_management,0,0,120815.96
2025-10-28T23:27:40.951198,waste_management,0,0,120808.85
2025-10-28T23:27:40.951440,waste_management,0,0,120798.6
2025-10-28T23:27:40.951905,water_quality,0,0,120788.63
2025-10-28T23:27:40.952106,waste_management,0,0,120778.54
2025-10-28T23:27:40.953962,water_quality,0,0,120779.53
2025-10-28T23:27:40.955158,water_quality,0,0,120762.66
2025-10-28T23:27:40.955607,water_quality,0,0,120759.75
2025-10-28T23:27:40.956068,waste_management,0,0,120756.0
2025-10-28T23:27:40.956270,water_quality,0,0,120751.47
2025-10-28T23:27:40.956471,water_quality,0,0,120748.99
2025-10-28T23:27:40.956657,waste_management,0,0,120747.55
2025-10-28T23:27:40.957092,water_quality,0,0,120675.59
2025-10-28T23:27:40.957377,water_quality,0,0,241776.56
2025-10-28T23:27:40.957574,water_quality,0,0,241748.25
2025-10-28T23:27:40.957765,waste_management,0,0,241741.85
2025-10-28T23:27:40.957983,water_quality,0,0,241698.59
2025-10-28T23:27:40.958151,waste_management,0,0,241603.98
2025-10-28T23:27:40.958336,water_quality,0,0,241564.64
2025-10-28T23:27:40.958511,water_quality,0,0,241003.09
2025-10-28T23:27:40.958699,waste_management,0,0,240850.02
2025-10-28T23:27:40.958903,waste_management,0,0,240121.56
2025-10-28T23:27:40.959083,water_quality,0,0,121040.27
2025-10-28T23:27:40.959253,waste_management,0,0,121039.69
2025-10-28T23:27:40.959427,water_quality,0,0,121039.35
2025-10-28T23:27:40.959618,waste_management,0,0,121039.15
2025-10-28T23:27:40.962102,waste_management,0,0,121023.7
2025-10-28T23:27:40.962290,waste_management,0,0,121023.08
2025-10-28T23:27:40.962444,water_quality,0,0,121022.47
2025-10-28T23:27:40.962593,water_quality,0,0,121018.78
2025-10-28T23:27:40.962734,waste_management,0,0,121018.14
2025-10-28T23:27:40.962881,water_quality,0,0,121010.16
2025-10-28T23:27:40.963014,water_quality,0,0,121008.69
2025-10-28T23:27:40.963139,waste_management,0,0,121007.98
2025-10-28T23:27:40.963404,water_quality,0,0,121000.56
2025-10-28T23:27:40.963662,waste_management,0,0,120992.75
2025-10-28T23:27:40.964214,water_quality,0,0,120977.32
2025-10-28T23:27:40.964333,water_quality,0,0,120975.42
2025-10-28T23:27:40.964585,waste_management,0,0,120968.58
2025-10-28T23:27:40.964705,waste_management,0,0,120967.96
2025-10-28T23:27:40.964866,water_quality,0,0,120961.75
2025-10-28T23:27:40.964990,waste_management,0,0,120960.79
2025-10-28T23:27:40.965236,waste_management,0,0,120951.76
2025-10-28T23:27:40.965353,waste_management,0,0,120942.04
2025-10-28T23:27:40.965479,waste_management,0,0,120936.54
2025-10-28T23:27:40.965733,waste_management,0,0,120930.49
2025-10-28T23:27:40.965857,waste_management,0,0,120923.64
2025-10-28T23:27:40.966517,waste_management,0,0,120922.99
2025-10-28T23:27:40.966695,waste_management,0,0,120914.58
2025-10-28T23:27:40.966836,waste_management,0,0,120915.51
2025-10-28T23:27:40.967132,water_quality,0,0,120902.57
2025-10-28T23:27:40.967256,water_quality,0,0,120899.33
2025-10-28T23:27:40.967371,waste_management,0,0,120887.35
2025-10-28T23:27:40.967488,waste_management,0,0,120884.03
2025-10-28T23:27:40.967609,waste_management,0,0,120883.37
2025-10-28T23:27:41.686856,water_quality,32,200,47.9
2025-10-28T23:27:41.733765,water_quality,33,200,53.93
2025-10-28T23:27:41.736712,water_quality,33,200,54.29
2025-10-28T23:27:41.826245,waste_management,1,200,36.81
2025-10-28T23:27:41.895901,water_quality,32,200,50.88
2025-10-28T23:27:41.898915,water_quality,31,200,39.8
2025-10-28T23:27:42.012120,waste_management,1,200,40.86
2025-10-28T23:27:42.031300,waste_management,1,200,35.87
2025-10-28T23:27:42.034749,water_quality,32,200,33.81
2025-10-28T23:27:42.044687,water_quality,30,200,26.73
2025-10-28T23:27:42.052733,waste_management,1,200,10.69
2025-10-28T23:29:42.461118,water_quality,0,500,121191.98
2025-10-28T23:29:42.462621,waste_management,0,500,121125.21
2025-10-28T23:29:42.466429,waste_management,0,500,121201.04
2025-10-28T23:29:42.467262,waste_management,0,0,12.97
2025-10-28T23:29:42.470682,waste_management,0,0,13.37
2025-10-28T23:29:42.474410,waste_management,0,0,15.82
2025-10-28T23:29:42.474565,waste_management,0,0,10.65
2025-10-28T23:29:42.474682,waste_management,0,0,12.93
2025-10-28T23:29:42.474793,waste_management,0,0,14.29
2025-10-28T23:29:42.475533,water_quality,0,0,9.66
2025-10-28T23:29:42.475668,water_quality,0,0,10.4
2025-10-28T23:29:42.476008,water_quality,0,500,121211.92
2025-10-28T23:29:42.478571,water_quality,0,500,121127.34
2025-10-28T23:29:42.480261,water_quality,0,0,2.22
2025-10-28T23:29:42.480386,water_quality,0,0,2.98
2025-10-28T23:29:42.480496,water_quality,0,0,3.78
2025-10-28T23:29:42.734657,water_quality,0,500,120189.38
2025-10-28T23:29:43.079274,waste_management,0,500,120283.3
2025-10-28T23:29:43.082133,waste_management,0,500,120048.7
2025-10-28T23:29:43.399450,waste_management,0,500,120178.1
2025-10-28T23:29:43.401891,waste_management,0,500,120251.99
2025-10-28T23:29:43.404692,water_quality,0,500,120273.72
2025-10-28T23:29:43.731501,water_quality,0,500,120332.95
2025-10-28T23:29:43.733360,waste_management,0,500,120119.13
2025-10-28T23:29:47.743025,waste_management,0,500,126491.43
2025-10-28T23:29:47.748593,waste_management,0,500,126414.06
2025-10-28T23:29:47.751471,waste_management,0,500,126486.76
2025-10-28T23:31:42.730813,water_quality,0,500,240421.68
2025-10-28T23:31:42.735007,waste_management,0,500,240546.61
2025-10-28T23:31:42.853276,waste_management,0,500,241496.34
2025-10-28T23:31:42.867697,waste_management,0,500,241520.87
2025-10-28T23:31:42.886367,waste_management,0,500,241432.15
2025-10-28T23:31:42.944354,water_quality,0,500,241515.94
2025-10-28T23:31:42.959518,water_quality,0,500,241691.16
2025-10-28T23:31:42.975750,water_quality,0,500,241477.01
2025-10-28T23:31:42.986387,waste_management,0,500,241481.39
2025-10-28T23:31:42.997581,water_quality,0,500,241552.55
2025-10-28T23:31:43.016748,water_quality,0,500,241623.45
2025-10-28T23:31:43.029477,waste_management,0,500,241670.03
2025-10-28T23:31:43.047540,water_quality,0,0,142.81
2025-10-28T23:31:43.060007,waste_management,0,0,53.04
2025-10-28T23:31:43.062775,waste_management,0,500,240649.52
2025-10-28T23:31:43.064664,waste_management,0,500,240541.37
2025-10-28T23:31:43.065418,waste_management,0,500,120037.7
2025-10-28T23:31:43.066200,waste_management,0,500,120196.22
2025-10-28T23:31:43.066947,waste_management,0,500,240554.98
2025-10-28T23:31:43.067586,waste_management,0,500,120271.72
2025-10-28T23:31:43.068089,waste_management,0,500,120273.98
2025-10-28T23:31:43.068596,waste_management,0,500,120167.53
2025-10-28T23:31:43.069535,waste_management,0,500,120066.77
2025-10-28T23:31:43.069899,water_quality,0,500,120124.44
2025-10-28T23:31:43.070262,waste_management,0,500,120130.65
2025-10-28T23:31:43.070947,water_quality,0,500,120271.17
2025-10-28T23:31:43.394713,waste_management,0,500,120342.46
2025-10-28T23:31:43.395635,waste_management,0,500,120079.72
2025-10-28T23:31:43.397254,water_quality,0,500,120192.18
2025-10-28T23:31:43.398073,waste_management,0,500,120083.42
2025-10-28T23:31:43.398469,waste_management,0,500,120340.85
2025-10-28T23:31:43.399080,water_quality,0,500,120249.99
2025-10-28T23:31:43.400839,water_quality,0,500,120149.11
2025-10-28T23:31:43.409396,water_quality,0,500,242070.41
2025-10-28T23:31:43.613180,waste_management,0,500,242220.51
2025-10-28T23:31:43.727283,water_quality,0,500,120250.05
2025-10-28T23:31:43.727838,waste_management,0,500,120067.93
2025-10-28T23:31:43.728582,waste_management,0,500,120325.87
2025-10-28T23:31:43.729568,waste_management,0,500,120056.64
2025-10-28T23:31:43.951438,water_quality,0,500,242466.84
2025-10-28T23:31:44.060796,water_quality,0,500,120342.65
2025-10-28T23:31:44.061847,waste_management,0,500,120039.8
2025-10-28T23:31:44.063220,waste_management,0,500,120227.78
2025-10-28T23:31:44.261037,waste_management,0,500,242895.85
2025-10-28T23:31:44.341930,water_quality,0,0,479.0
2025-10-28T23:31:44.342679,waste_management,0,0,277.87
2025-10-28T23:31:44.546363,waste_management,0,500,243136.66
2025-10-28T23:31:44.728173,water_quality,0,500,120254.41
2025-10-28T23:31:44.767971,water_quality,0,500,243404.51
2025-10-28T23:31:44.932236,water_quality,0,500,243552.85
2025-10-28T23:31:45.061037,waste_management,0,500,120011.38
2025-10-28T23:31:45.407090,waste_management,0,0,6.06
2025-10-28T23:31:45.437629,water_quality,0,0,7.28
2025-10-28T23:31:45.444144,water_quality,0,0,4.88
2025-10-28T23:31:48.387250,water_quality,0,500,246975.3
2025-10-28T23:31:48.394546,water_quality,0,500,120198.54
2025-10-28T23:31:48.887542,waste_management,0,500,247458.34
2025-10-28T23:31:49.482651,waste_management,0,0,532.77
2025-10-28T23:33:43.695974,waste_management,0,0,113671.86
2025-10-28T23:33:43.696493,water_quality,0,0,120372.89
2025-10-28T23:33:43.696766,waste_management,0,0,120263.18
2025-10-28T23:33:43.697019,water_quality,0,0,120246.22
2025-10-28T23:33:43.697517,water_quality,0,0,120171.29
2025-10-28T23:33:43.697729,waste_management,0,0,120132.0
2025-10-28T23:33:43.697927,waste_management,0,0,119907.93
2025-10-28T23:33:43.698101,waste_management,0,0,118757.56
2025-10-28T23:33:43.698273,water_quality,0,0,118513.3
2025-10-28T23:33:43.698442,water_quality,0,0,118265.15
2025-10-28T23:33:43.698613,water_quality,0,0,118005.94
2025-10-28T23:33:43.698789,water_quality,0,0,117994.92
2025-10-28T23:33:43.699104,waste_management,0,0,117941.57
2025-10-28T23:33:43.699295,water_quality,0,0,117934.38
2025-10-28T23:33:43.699464,water_quality,0,0,117910.61
2025-10-28T23:33:43.699613,waste_management,0,0,117879.91
2025-10-28T23:33:43.699785,waste_management,0,0,117834.91
2025-10-28T23:33:43.699956,waste_management,0,0,117810.5
2025-10-28T23:33:43.700116,waste_management,0,0,117776.64
2025-10-28T23:33:43.700278,waste_management,0,0,117709.04
2025-10-28T23:33:43.700435,water_quality,0,0,117300.22
2025-10-28T23:33:43.700601,waste_management,0,0,117293.87
2025-10-28T23:33:43.700761,water_quality,0,0,117076.32
2025-10-28T23:33:43.700947,waste_management,0,0,117024.94
2025-10-28T23:33:43.701117,waste_management,0,0,116988.98
2025-10-28T23:33:43.702462,water_quality,0,0,116947.87
2025-10-28T23:33:43.702909,waste_management,0,0,120107.24
2025-10-28T23:33:43.703070,waste_management,0,0,120007.81
2025-10-28T23:33:43.703226,water_quality,0,0,119997.87
2025-10-28T23:33:43.703404,water_quality,0,0,119828.66
2025-10-28T23:33:43.703601,waste_management,0,0,119679.41
2025-10-28T23:33:43.703774,water_quality,0,0,119665.57
2025-10-28T23:33:43.704000,waste_management,0,0,119431.68
2025-10-28T23:33:43.704213,water_quality,0,0,119418.91
2025-10-28T23:33:43.704398,water_quality,0,0,119174.67
2025-10-28T23:33:43.704816,waste_management,0,0,118461.42
2025-10-28T23:33:43.704995,waste_management,0,0,116883.47
2025-10-28T23:33:43.705143,waste_management,0,0,116819.79
2025-10-28T23:33:43.705286,water_quality,0,0,115663.7
2025-10-28T23:33:43.705633,water_quality,0,0,118295.54
2025-10-28T23:33:43.705776,water_quality,0,0,118291.55
2025-10-28T23:33:43.705946,water_quality,0,0,120335.16
2025-10-28T23:33:43.706112,water_quality,0,0,119721.34
2025-10-28T23:33:43.706266,water_quality,0,0,119488.28
2025-10-28T23:33:43.706415,water_quality,0,0,119309.57
2025-10-28T23:33:43.706563,water_quality,0,0,119194.85
2025-10-28T23:33:43.706722,waste_management,0,0,120310.79
2025-10-28T23:33:43.706888,waste_management,0,0,119005.11
2025-10-28T23:33:43.707046,waste_management,0,0,118441.31
2025-10-28T23:33:43.707199,waste_management,0,0,118289.59
2025-10-28T23:33:43.707351,water_quality,0,0,118271.67
2025-10-28T23:33:43.707516,waste_management,0,0,117310.26
2025-10-28T23:33:43.707680,waste_management,0,0,117303.3
2025-10-28T23:33:43.707850,water_quality,0,0,116952.18
2025-10-28T23:33:43.708807,water_quality,0,0,120663.14
2025-10-28T23:33:43.708977,waste_management,0,0,120454.55
2025-10-28T23:33:43.709113,water_quality,0,0,120399.11
2025-10-28T23:33:43.709409,waste_management,0,0,120282.44
2025-10-28T23:33:43.709529,waste_management,0,0,120278.5
2025-10-28T23:33:43.709650,water_quality,0,0,119580.89
2025-10-28T23:33:43.709764,waste_management,0,0,120166.68
2025-10-28T23:33:43.710033,water_quality,0,0,120056.24
2025-10-28T23:33:43.710145,waste_management,0,0,119946.21
2025-10-28T23:33:43.710260,waste_management,0,0,119199.41
2025-10-28T23:33:43.710378,water_quality,0,0,118298.54
2025-10-28T23:33:43.710489,waste_management,0,0,118289.88
2025-10-28T23:33:43.710596,water_quality,0,0,118281.38
2025-10-28T23:33:43.710699,water_quality,0,0,118267.57
2025-10-28T23:33:43.710818,water_quality,0,0,117956.81
2025-10-28T23:33:43.710941,water_quality,0,0,117852.67
2025-10-28T23:33:43.711056,water_quality,0,0,117309.96
2025-10-28T23:33:43.711167,waste_management,0,0,117312.08
2025-10-28T23:33:43.711273,water_quality,0,0,117308.24
2025-10-28T23:33:43.711375,water_quality,0,0,119906.34
2025-10-28T23:33:43.711489,waste_management,0,0,119869.33
2025-10-28T23:33:43.711601,water_quality,0,0,119111.85
2025-10-28T23:33:43.711710,waste_management,0,0,119076.98
2025-10-28T23:33:43.711825,water_quality,0,0,119051.94
2025-10-28T23:33:43.711952,waste_management,0,0,118948.48
2025-10-28T23:33:43.712210,waste_management,0,0,118592.1
2025-10-28T23:33:43.712475,water_quality,0,0,117848.79
2025-10-28T23:33:43.713296,water_quality,0,0,117403.72
2025-10-28T23:33:43.713485,water_quality,0,0,117242.36
2025-10-28T23:33:43.713622,water_quality,0,0,116890.57
2025-10-28T23:33:43.713747,waste_management,0,0,113745.0
2025-10-28T23:33:45.950166,water_quality,0,0,362991.9
2025-10-28T23:33:45.954818,waste_management,0,0,485038.5
2025-10-28T23:33:45.955372,water_quality,0,0,484985.47
2025-10-28T23:33:45.955663,water_quality,0,0,484726.7
2025-10-28T23:33:45.956414,water_quality,0,0,484678.28
2025-10-28T23:33:45.958712,waste_management,0,0,78116.57
2025-10-28T23:33:45.959135,water_quality,0,0,78653.1
2025-10-28T23:33:45.959386,waste_management,0,0,78213.16
2025-10-28T23:33:45.959657,water_quality,0,0,78364.17
2025-10-28T23:33:45.960985,water_quality,0,0,78819.79
2025-10-28T23:33:45.963195,waste_management,0,0,78692.49
2025-10-28T23:33:45.963525,waste_management,0,0,78591.96
2025-10-28T23:33:45.963785,waste_management,0,0,78330.08
2025-10-28T23:33:45.964043,water_quality,0,0,78771.73
2025-10-28T23:33:45.964281,waste_management,0,0,78535.02
2025-10-28T23:33:45.964840,waste_management,0,0,243096.97
2025-10-28T23:33:45.966642,water_quality,0,0,243067.48
2025-10-28T23:33:45.967563,waste_management,0,0,243018.78
2025-10-28T23:33:45.967875,water_quality,0,0,242992.95
2025-10-28T23:33:45.968024,water_quality,0,0,242196.92
2025-10-28T23:33:45.968250,water_quality,0,0,242074.76
2025-10-28T23:33:45.968485,water_quality,0,0,241653.41
2025-10-28T23:33:45.969569,water_quality,0,0,120160.79
2025-10-28T23:33:45.971351,waste_management,0,0,240844.03
2025-10-28T23:33:45.971991,waste_management,0,0,237868.59
2025-10-28T23:33:45.972176,water_quality,0,0,122420.35
2025-10-28T23:33:45.972424,waste_management,0,0,236180.93
2025-10-28T23:33:45.972708,water_quality,0,0,242916.43
2025-10-28T23:33:45.972841,water_quality,0,0,122336.24
2025-10-28T23:33:45.973022,water_quality,0,0,242988.36
2025-10-28T23:33:45.973517,water_quality,0,0,243122.75
2025-10-28T23:33:45.974030,waste_management,0,0,243000.88
2025-10-28T23:33:45.974225,waste_management,0,0,243008.87
2025-10-28T23:33:45.974396,water_quality,0,0,122486.14
2025-10-28T23:33:45.974535,waste_management,0,0,122591.09
2025-10-28T23:33:45.974658,waste_management,0,0,364611.6
2025-10-28T23:33:45.974773,waste_management,0,0,77560.67
2025-10-28T23:33:45.974911,water_quality,0,0,122551.67
2025-10-28T23:33:45.975174,waste_management,0,0,364590.84
2025-10-28T23:33:45.975296,water_quality,0,0,122601.54
2025-10-28T23:33:45.975411,waste_management,0,0,364578.01
2025-10-28T23:33:45.975522,water_quality,0,0,122478.93
2025-10-28T23:33:45.975638,water_quality,0,0,364552.94
2025-10-28T23:33:45.975897,water_quality,0,0,116068.07
2025-10-28T23:33:45.976012,water_quality,0,0,122565.41
2025-10-28T23:33:45.976123,water_quality,0,0,364548.34
2025-10-28T23:33:45.976231,water_quality,0,0,121226.39
2025-10-28T23:33:45.977028,water_quality,0,0,364537.77
2025-10-28T23:33:45.977335,water_quality,0,0,117440.02
2025-10-28T23:33:45.977464,water_quality,0,0,364526.5
2025-10-28T23:33:45.977585,water_quality,0,0,122414.57
2025-10-28T23:33:45.977700,water_quality,0,0,116072.01
2025-10-28T23:33:45.977977,waste_management,0,0,122678.15
2025-10-28T23:33:45.978100,water_quality,0,0,364494.63
2025-10-28T23:33:45.978607,water_quality,0,0,364471.5
2025-10-28T23:33:45.978721,waste_management,0,0,364467.51
2025-10-28T23:33:45.978834,water_quality,0,0,364466.8
2025-10-28T23:33:45.979314,water_quality,0,0,364435.43
2025-10-28T23:33:45.979423,waste_management,0,0,364433.39
2025-10-28T23:33:45.979529,water_quality,0,0,364432.95
2025-10-28T23:33:45.979633,waste_management,0,0,364432.67
2025-10-28T23:33:45.979736,water_quality,0,0,364426.03
2025-10-28T23:33:45.979845,water_quality,0,0,364424.22
2025-10-28T23:33:45.979952,waste_management,0,0,364420.5
2025-10-28T23:33:45.980055,waste_management,0,0,364413.52
2025-10-28T23:33:45.980157,waste_management,0,0,364362.17
2025-10-28T23:33:51.431190,waste_management,0,500,6823.71
2025-10-28T23:35:46.215293,water_quality,0,0,120245.56
2025-10-28T23:35:46.215977,waste_management,0,0,120245.13
2025-10-28T23:35:46.216355,waste_management,0,0,122207.96
2025-10-28T23:35:46.216610,water_quality,0,0,122204.86
2025-10-28T23:35:46.216862,waste_management,0,0,122204.46
2025-10-28T23:35:46.217087,waste_management,0,0,122201.71
2025-10-28T23:35:46.217308,waste_management,0,0,122200.04
2025-10-28T23:35:46.217517,waste_management,0,0,122196.35
2025-10-28T23:35:46.217699,waste_management,0,0,122189.47
2025-10-28T23:35:46.217943,waste_management,0,0,122187.62
2025-10-28T23:35:46.218158,water_quality,0,0,122185.92
2025-10-28T23:35:46.218356,waste_management,0,0,122161.78
2025-10-28T23:35:46.218793,waste_management,0,0,122153.39
2025-10-28T23:35:46.219225,waste_management,0,0,122149.74
2025-10-28T23:35:46.219425,waste_management,0,0,122144.27
2025-10-28T23:35:46.219621,waste_management,0,0,122144.04
2025-10-28T23:35:46.219827,water_quality,0,0,122138.31
2025-10-28T23:35:46.220020,water_quality,0,0,122127.76
2025-10-28T23:35:46.220207,waste_management,0,0,122126.14
2025-10-28T23:35:46.220403,waste_management,0,0,122122.5
2025-10-28T23:35:46.220598,water_quality,0,0,122121.0
2025-10-28T23:35:46.220795,water_quality,0,0,122120.81
2025-10-28T23:35:46.220990,waste_management,0,0,122118.38
2025-10-28T23:35:46.221179,water_quality,0,0,122118.22
2025-10-28T23:35:46.221372,waste_management,0,0,122110.68
2025-10-28T23:35:46.223150,waste_management,0,0,122111.95
2025-10-28T23:35:46.223468,water_quality,0,0,122102.38
2025-10-28T23:35:46.223665,waste_management,0,0,122096.55
2025-10-28T23:35:46.223841,waste_management,0,0,122094.98
2025-10-28T23:35:46.223997,water_quality,0,0,122094.75
2025-10-28T23:35:46.224139,water_quality,0,0,122087.64
2025-10-28T23:35:46.224281,water_quality,0,0,122084.31
2025-10-28T23:35:46.224440,water_quality,0,0,122083.79
2025-10-28T23:35:46.224791,waste_management,0,0,122053.01
2025-10-28T23:35:46.224928,waste_management,0,0,122052.26
2025-10-28T23:35:46.225045,water_quality,0,0,122049.3
2025-10-28T23:35:46.225158,water_quality,0,0,122040.02
2025-10-28T23:35:46.225267,waste_management,0,0,122018.56
2025-10-28T23:35:46.225372,waste_management,0,0,122014.38
2025-10-28T23:35:46.225478,water_quality,0,0,121996.08
2025-10-28T23:35:46.225583,waste_management,0,0,121984.57
2025-10-28T23:35:46.225687,waste_management,0,0,121983.18
2025-10-28T23:35:46.225947,waste_management,0,0,121966.8
2025-10-28T23:35:46.226068,waste_management,0,0,121793.11
2025-10-28T23:35:46.226192,waste_management,0,0,121711.23
2025-10-28T23:35:46.226299,water_quality,0,0,121660.01
2025-10-28T23:35:46.226407,water_quality,0,0,121657.96
2025-10-28T23:35:46.226513,waste_management,0,0,121627.17
2025-10-28T23:35:46.226620,water_quality,0,0,121609.94
2025-10-28T23:35:46.226726,waste_management,0,0,121545.4
2025-10-28T23:35:46.226839,waste_management,0,0,121538.99
2025-10-28T23:35:46.226943,water_quality,0,0,121497.21
2025-10-28T23:35:46.227053,waste_management,0,0,121421.69
2025-10-28T23:35:46.227157,water_quality,0,0,121381.19
2025-10-28T23:35:46.227261,water_quality,0,0,121172.79
2025-10-28T23:35:46.227365,water_quality,0,0,120660.97
2025-10-28T23:35:46.228079,water_quality,0,0,120270.66
2025-10-28T23:35:46.228259,water_quality,0,0,120261.29
2025-10-28T23:35:46.414545,waste_management,0,500,122284.95
2025-10-28T23:35:46.415838,waste_management,0,500,120733.07
2025-10-28T23:35:46.416488,water_quality,0,500,122127.42
2025-10-28T23:35:46.417379,waste_management,0,500,121898.88
2025-10-28T23:35:46.418044,waste_management,0,500,121748.9
2025-10-28T23:35:46.418473,waste_management,0,500,122157.49
2025-10-28T23:35:46.419063,water_quality,0,500,121652.74
2025-10-28T23:35:46.428114,water_quality,0,500,120155.47
2025-10-28T23:35:46.429210,water_quality,0,500,120143.3
2025-10-28T23:35:46.430238,water_quality,0,500,120461.42
2025-10-28T23:35:46.431344,waste_management,0,500,121844.61
2025-10-28T23:35:46.434120,waste_management,0,503,122214.29
2025-10-28T23:35:46.435423,waste_management,0,500,122158.09
2025-10-28T23:35:46.436322,water_quality,0,503,122260.92
2025-10-28T23:35:46.436838,water_quality,0,500,122181.21
2025-10-28T23:35:46.443830,water_quality,0,503,122236.59
2025-10-28T23:35:46.445171,water_quality,0,500,122198.56
2025-10-28T23:35:46.445683,waste_management,0,500,121747.14
2025-10-28T23:35:46.446002,water_quality,0,500,122255.15
2025-10-28T23:35:46.446290,water_quality,0,500,122020.5
2025-10-28T23:35:46.446555,waste_management,0,500,122151.19
2025-10-28T23:35:46.446865,waste_management,0,500,122205.12
2025-10-28T23:35:46.447207,water_quality,0,500,122285.44
2025-10-28T23:35:46.447545,waste_management,0,500,120477.25
2025-10-28T23:35:46.447823,water_quality,0,500,122176.33
2025-10-28T23:35:46.448092,waste_management,0,500,122275.79
2025-10-28T23:35:46.448344,water_quality,0,500,122304.71
2025-10-28T23:35:46.448579,waste_management,0,500,122271.19
2025-10-28T23:35:46.448819,water_quality,0,500,122183.2
2025-10-28T23:35:46.449102,waste_management,0,500,120487.8
2025-10-28T23:35:46.449400,water_quality,0,500,122158.62
2025-10-28T23:35:46.449652,water_quality,0,500,121601.89
2025-10-28T23:35:46.449908,water_quality,0,500,122219.52
2025-10-28T23:35:46.476344,water_quality,0,500,120171.3
2025-10-28T23:35:46.479304,water_quality,0,500,120112.36
2025-10-28T23:35:46.480412,waste_management,0,500,120101.49
2025-10-28T23:35:46.481814,waste_management,0,500,120132.09
2025-10-28T23:35:46.482685,waste_management,0,500,120097.25
2025-10-28T23:35:46.483461,waste_management,0,500,120131.5
2025-10-28T23:35:46.483996,water_quality,0,500,120096.63
2025-10-28T23:35:46.484722,water_quality,0,500,120115.75
2025-10-28T23:35:46.488905,waste_management,0,500,120120.35
2025-10-28T23:35:46.490374,water_quality,0,500,120142.31
2025-10-28T23:35:46.491001,water_quality,0,500,120106.28
2025-10-28T23:35:46.491882,water_quality,0,500,120152.58
2025-10-28T23:36:46.419352,water_quality,0,0,179864.47
2025-10-28T23:36:46.420130,water_quality,0,0,179847.37
2025-10-28T23:36:46.420533,water_quality,0,0,179847.15
2025-10-28T23:36:46.420855,waste_management,0,0,179559.01
2025-10-28T23:36:46.421157,water_quality,0,0,179526.8
2025-10-28T23:36:46.421405,waste_management,0,0,179510.87
2025-10-28T23:36:46.421623,water_quality,0,0,179413.85
2025-10-28T23:36:46.421824,water_quality,0,0,179339.28
2025-10-28T23:36:46.422024,water_quality,0,0,179321.41
2025-10-28T23:36:46.422223,waste_management,0,0,179077.77
2025-10-28T23:36:46.422413,water_quality,0,0,178982.7
2025-10-28T23:36:46.422633,water_quality,0,0,180141.43
2025-10-28T23:36:46.423103,waste_management,0,0,59461.1
2025-10-28T23:36:46.423314,waste_management,0,0,59527.71
2025-10-28T23:36:46.423539,waste_management,0,0,59556.42
2025-10-28T23:36:46.423774,waste_management,0,0,180029.7
2025-10-28T23:36:46.424033,water_quality,0,0,180013.99
2025-10-28T23:36:46.424250,waste_management,0,0,180012.21
2025-10-28T23:36:46.424459,waste_management,0,0,180009.53
2025-10-28T23:36:46.424935,waste_management,0,0,180002.49
2025-10-28T23:36:46.425146,waste_management,0,0,180000.75
2025-10-28T23:36:46.425327,waste_management,0,0,59434.71
2025-10-28T23:36:46.426887,water_quality,0,0,179938.78
2025-10-28T23:36:46.427138,water_quality,0,0,179938.25
2025-10-28T23:36:46.427301,waste_management,0,0,179933.44
2025-10-28T23:36:46.427441,waste_management,0,0,179917.55
2025-10-28T23:36:46.427570,waste_management,0,0,179893.48
2025-10-28T23:36:46.427698,water_quality,0,0,179891.66
2025-10-28T23:36:46.427824,waste_management,0,0,59467.95
2025-10-28T23:36:46.427988,water_quality,0,0,179889.92
2025-10-28T23:36:46.428127,waste_management,0,0,179883.68
2025-10-28T23:36:46.428243,water_quality,0,0,59534.41
2025-10-28T23:36:46.428368,water_quality,0,0,179880.7
2025-10-28T23:36:46.428484,water_quality,0,0,179877.73
2025-10-28T23:36:46.508694,water_quality,0,0,179435.26
2025-10-28T23:36:46.509126,waste_management,0,0,59773.64
2025-10-28T23:36:46.509324,water_quality,0,0,180218.66
2025-10-28T23:36:46.509484,water_quality,0,0,180215.1
2025-10-28T23:36:46.509646,waste_management,0,0,180207.62
2025-10-28T23:36:46.509818,waste_management,0,0,180205.14
2025-10-28T23:36:46.510206,water_quality,0,0,180192.76
2025-10-28T23:36:46.510508,waste_management,0,0,180178.66
2025-10-28T23:36:46.510776,waste_management,0,0,180161.85
2025-10-28T23:36:46.510911,water_quality,0,0,180161.57
2025-10-28T23:36:46.511046,water_quality,0,0,180158.38
2025-10-28T23:36:46.511168,waste_management,0,0,180148.85
2025-10-28T23:36:46.511292,water_quality,0,0,180098.83
2025-10-28T23:36:46.511415,waste_management,0,0,180098.6
2025-10-28T23:36:46.511587,water_quality,0,0,180098.41
2025-10-28T23:36:46.519861,water_quality,0,0,180086.94
2025-10-28T23:36:46.520215,waste_management,0,0,180085.48
2025-10-28T23:36:46.520498,waste_management,0,0,180082.02
2025-10-28T23:36:46.520694,waste_management,0,0,180080.51
2025-10-28T23:36:46.520852,water_quality,0,0,180071.82
2025-10-28T23:36:46.521025,water_quality,0,0,180066.58
2025-10-28T23:36:46.521364,water_quality,0,0,180043.45
2025-10-28T23:36:46.521514,waste_management,0,0,180033.79
2025-10-28T23:36:46.521662,water_quality,0,0,180033.1
2025-10-28T23:36:46.522000,water_quality,0,0,180021.72
2025-10-28T23:36:46.522181,water_quality,0,0,180019.32
2025-10-28T23:36:46.522489,waste_management,0,0,180007.89
2025-10-28T23:36:46.522760,water_quality,0,0,179987.08
2025-10-28T23:36:46.522901,waste_management,0,0,179984.48
2025-10-28T23:36:46.523185,water_quality,0,0,179980.34
2025-10-28T23:36:46.523320,water_quality,0,0,179975.26
2025-10-28T23:36:46.523443,water_quality,0,0,179747.89
2025-10-28T23:36:46.523593,waste_management,0,0,179741.57
2025-10-28T23:36:46.523732,water_quality,0,0,179690.74
2025-10-28T23:36:46.523884,water_quality,0,0,179675.52
2025-10-28T23:36:46.524066,waste_management,0,0,179643.4
2025-10-28T23:36:46.524212,waste_management,0,0,179631.27
2025-10-28T23:36:46.524345,waste_management,0,0,179570.91
2025-10-28T23:36:46.524472,waste_management,0,0,179511.23
2025-10-28T23:36:46.525433,water_quality,0,0,58108.16
2025-10-28T23:36:46.525613,waste_management,0,0,59002.63
2025-10-28T23:36:46.525750,water_quality,0,0,59523.58
2025-10-28T23:36:46.525878,water_quality,0,0,59224.07
2025-10-28T23:36:46.526003,waste_management,0,0,59586.56
2025-10-28T23:36:46.526128,waste_management,0,0,59700.8
2025-10-28T23:36:46.526249,water_quality,0,0,59525.07
2025-10-28T23:36:46.526364,water_quality,0,0,59591.17
2025-10-28T23:36:46.526480,water_quality,0,0,59636.32
2025-10-28T23:36:46.526592,water_quality,0,0,59645.76
2025-10-28T23:36:46.526702,water_quality,0,0,59528.36
2025-10-28T23:36:46.526822,water_quality,0,0,59754.95
2025-10-28T23:36:46.526942,waste_management,0,0,58307.4
2025-10-28T23:36:46.527053,waste_management,0,0,59645.81
2025-10-28T23:36:46.527162,water_quality,0,0,59655.92
2025-10-28T23:36:46.527271,waste_management,0,0,59549.92
2025-10-28T23:36:46.527529,water_quality,0,0,59589.12
2025-10-28T23:36:46.527639,waste_management,0,0,59042.23
2025-10-28T23:36:46.527789,water_quality,0,0,182034.49
2025-10-28T23:36:46.527993,waste_management,0,0,181972.16
2025-10-28T23:36:46.528187,water_quality,0,0,181960.65
2025-10-28T23:36:46.528335,water_quality,0,0,174755.11
2025-10-28T23:36:46.528460,water_quality,0,0,59131.26
2025-10-28T23:36:46.528596,waste_management,0,0,181787.04
2025-10-28T23:36:46.528716,water_quality,0,0,59552.81
2025-10-28T23:36:46.528852,waste_management,0,0,181449.95
2025-10-28T23:36:46.528998,waste_management,0,0,57778.98
2025-10-28T23:36:46.529138,water_quality,0,0,59166.78
2025-10-28T23:38:46.759251,water_quality,0,0,177656.94
2025-10-28T23:38:46.760131,waste_management,0,0,179641.57
2025-10-28T23:38:46.760641,water_quality,0,0,179640.29
2025-10-28T23:38:46.760986,waste_management,0,0,179608.77
2025-10-28T23:38:46.761244,water_quality,0,0,179599.07
2025-10-28T23:38:46.761473,water_quality,0,0,179544.84
2025-10-28T23:38:46.761683,water_quality,0,0,179521.05
2025-10-28T23:38:46.763052,waste_management,0,0,179499.31
2025-10-28T23:38:46.763557,water_quality,0,0,179495.74
2025-10-28T23:38:46.763956,water_quality,0,0,179392.64
2025-10-28T23:38:46.764270,water_quality,0,0,179289.3
2025-10-28T23:38:46.764546,water_quality,0,0,179270.82
2025-10-28T23:38:46.764871,waste_management,0,0,179078.81
2025-10-28T23:38:46.765161,waste_management,0,0,178753.18
2025-10-28T23:38:46.765399,waste_management,0,0,178498.47
2025-10-28T23:38:46.765714,waste_management,0,0,180230.89
2025-10-28T23:38:46.765956,waste_management,0,0,180229.12
2025-10-28T23:38:46.766189,water_quality,0,0,180216.64
2025-10-28T23:38:46.766397,water_quality,0,0,180207.96
2025-10-28T23:38:46.766611,water_quality,0,0,180204.37
2025-10-28T23:38:46.766939,water_quality,0,0,180200.99
2025-10-28T23:38:46.767687,waste_management,0,0,119473.2
2025-10-28T23:38:46.772900,waste_management,0,0,180180.63
2025-10-28T23:38:46.773437,waste_management,0,0,180171.36
2025-10-28T23:38:46.773736,waste_management,0,0,180164.86
2025-10-28T23:38:46.773956,waste_management,0,0,180164.55
2025-10-28T23:38:46.774153,waste_management,0,0,180145.92
2025-10-28T23:38:46.774613,waste_management,0,0,180130.95
2025-10-28T23:38:46.774828,water_quality,0,0,180116.27
2025-10-28T23:38:46.775020,waste_management,0,0,180115.71
2025-10-28T23:38:46.775201,waste_management,0,0,180103.58
2025-10-28T23:38:46.775387,waste_management,0,0,180100.8
2025-10-28T23:38:46.775580,water_quality,0,0,180099.74
2025-10-28T23:38:46.775750,waste_management,0,0,180097.3
2025-10-28T23:38:46.775903,water_quality,0,0,180097.92
2025-10-28T23:38:46.776049,water_quality,0,0,180086.57
2025-10-28T23:38:46.776173,water_quality,0,0,180083.89
2025-10-28T23:38:46.776293,waste_management,0,0,180070.31
2025-10-28T23:38:46.776416,water_quality,0,0,180060.45
2025-10-28T23:38:46.776559,water_quality,0,0,180054.68
2025-10-28T23:38:46.776703,waste_management,0,0,180051.89
2025-10-28T23:38:46.776840,water_quality,0,0,180051.62
2025-10-28T23:38:46.777124,water_quality,0,0,180038.11
2025-10-28T23:38:46.777243,water_quality,0,0,180030.63
2025-10-28T23:38:46.777356,waste_management,0,0,180030.36
2025-10-28T23:38:46.777478,waste_management,0,0,180030.18
2025-10-28T23:38:46.777591,water_quality,0,0,180018.44
2025-10-28T23:38:46.777704,water_quality,0,0,180018.2
2025-10-28T23:38:46.777976,waste_management,0,0,180011.99
2025-10-28T23:38:46.778117,waste_management,0,0,180010.48
2025-10-28T23:38:46.778236,waste_management,0,0,180009.05
2025-10-28T23:38:46.778349,waste_management,0,0,179995.88
2025-10-28T23:38:46.779332,water_quality,0,0,179992.88
2025-10-28T23:38:46.779506,water_quality,0,0,179987.35
2025-10-28T23:38:46.779820,waste_management,0,0,179967.07
2025-10-28T23:38:46.779965,waste_management,0,0,179966.84
2025-10-28T23:38:46.780093,waste_management,0,0,179963.32
2025-10-28T23:38:46.780377,water_quality,0,0,179938.52
2025-10-28T23:38:46.780509,waste_management,0,0,179935.99
2025-10-28T23:38:46.780633,water_quality,0,0,179935.86
2025-10-28T23:38:46.781068,water_quality,0,0,179881.56
2025-10-28T23:38:46.781322,waste_management,0,0,179877.44
2025-10-28T23:38:46.781580,waste_management,0,0,179850.67
2025-10-28T23:38:46.781703,waste_management,0,0,179845.21
2025-10-28T23:38:46.781827,water_quality,0,0,179838.12
2025-10-28T23:38:46.781954,water_quality,0,0,179835.42
2025-10-28T23:38:46.782246,waste_management,0,0,179828.92
2025-10-28T23:38:46.782498,waste_management,0,0,179799.6
2025-10-28T23:38:46.782620,water_quality,0,0,179767.87
2025-10-28T23:38:46.782741,waste_management,0,0,179738.8
2025-10-28T23:38:46.782874,water_quality,0,0,179687.46
2025-10-28T23:38:46.783000,water_quality,0,0,179677.27
2025-10-28T23:38:47.593331,waste_management,1,200,45.26
2025-10-28T23:38:47.594558,waste_management,1,200,33.29
2025-10-28T23:38:47.609962,waste_management,1,200,10.08
2025-10-28T23:38:47.679468,waste_management,1,200,57.01
2025-10-28T23:38:47.683135,waste_management,1,200,27.81
2025-10-28T23:38:47.701383,waste_management,1,200,17.92
2025-10-28T23:38:47.703444,water_quality,32,200,29.19
2025-10-28T23:38:47.707922,water_quality,32,200,38.43
2025-10-28T23:38:47.718018,waste_management,1,200,7.81
2025-10-28T23:38:47.757046,water_quality,32,200,10.96
2025-10-28T23:38:47.771719,waste_management,1,200,9.36
2025-10-28T23:38:47.791547,waste_management,1,200,7.52
2025-10-28T23:38:47.802054,waste_management,1,200,7.18
2025-10-28T23:38:47.818666,water_quality,31,200,11.72
2025-10-28T23:40:48.101402,water_quality,0,0,119900.03
2025-10-28T23:40:48.102053,water_quality,0,0,120099.23
2025-10-28T23:40:48.102511,waste_management,0,0,119912.12
2025-10-28T23:40:48.103905,water_quality,0,0,120729.12
2025-10-28T23:40:48.108895,waste_management,0,0,241346.97
2025-10-28T23:40:48.109431,waste_management,0,0,119693.85
2025-10-28T23:40:48.110400,waste_management,0,0,241277.59
2025-10-28T23:40:48.110709,water_quality,0,0,241259.89
2025-10-28T23:40:48.111031,water_quality,0,0,241251.67
2025-10-28T23:40:48.112038,waste_management,0,0,241228.01
2025-10-28T23:40:48.112809,waste_management,0,0,241175.7
2025-10-28T23:40:48.113027,waste_management,0,0,241165.38
2025-10-28T23:40:48.113735,water_quality,0,0,241126.28
2025-10-28T23:40:48.114520,waste_management,0,0,241117.65
2025-10-28T23:40:48.115427,water_quality,0,0,241105.4
2025-10-28T23:40:48.115633,waste_management,0,0,241088.07
2025-10-28T23:40:48.117267,water_quality,0,0,241067.94
2025-10-28T23:40:48.117659,waste_management,0,0,240991.01
2025-10-28T23:40:48.117821,waste_management,0,0,240950.29
2025-10-28T23:40:48.117980,waste_management,0,0,240893.04
2025-10-28T23:40:48.118142,water_quality,0,0,240888.63
2025-10-28T23:40:48.118303,water_quality,0,0,240824.83
2025-10-28T23:40:48.118444,water_quality,0,0,240183.74
2025-10-28T23:40:48.118581,water_quality,0,0,239205.5
2025-10-28T23:40:48.118713,waste_management,0,0,238939.0
2025-10-28T23:40:48.118856,waste_management,0,0,121015.83
2025-10-28T23:40:48.118994,water_quality,0,0,121015.48
2025-10-28T23:40:48.119300,water_quality,0,0,120926.25
2025-10-28T23:40:48.119600,waste_management,0,0,120915.7
2025-10-28T23:40:48.119741,water_quality,0,0,120849.27
2025-10-28T23:40:48.119898,waste_management,0,0,120848.75
2025-10-28T23:40:48.120055,water_quality,0,0,120839.11
2025-10-28T23:40:48.120240,waste_management,0,0,120788.62
2025-10-28T23:40:48.120455,waste_management,0,0,120783.01
2025-10-28T23:40:48.120634,waste_management,0,0,120778.45
2025-10-28T23:40:48.928306,waste_management,1,200,35.73
2025-10-28T23:40:48.960938,waste_management,1,200,30.26
2025-10-28T23:40:48.974545,water_quality,29,200,21.58
2025-10-28T23:40:49.102089,water_quality,26,200,42.03
2025-10-28T23:40:49.114321,water_quality,26,200,32.61
2025-10-28T23:40:49.437758,water_quality,25,200,67.01
2025-10-28T23:40:49.441678,water_quality,25,200,53.83
2025-10-28T23:42:49.466850,waste_management,0,0,119575.95
2025-10-28T23:42:49.467959,water_quality,0,0,119670.49
2025-10-28T23:42:49.468454,water_quality,0,0,118830.38
2025-10-28T23:42:49.468818,waste_management,0,0,119075.93
2025-10-28T23:42:49.469142,waste_management,0,0,119677.62
2025-10-28T23:42:49.469673,water_quality,0,0,119931.08
2025-10-28T23:42:49.472360,waste_management,0,0,120995.64
2025-10-28T23:42:49.473463,waste_management,0,0,120985.86
2025-10-28T23:42:49.474039,water_quality,0,0,120983.6
2025-10-28T23:42:49.474483,waste_management,0,0,120980.26
2025-10-28T23:42:49.474951,water_quality,0,0,120976.79
2025-10-28T23:42:49.475375,waste_management,0,0,120975.28
2025-10-28T23:42:49.476612,waste_management,0,0,120960.49
2025-10-28T23:42:49.476953,waste_management,0,0,120952.33
2025-10-28T23:42:49.477262,waste_management,0,0,119382.2
2025-10-28T23:42:49.477526,waste_management,0,0,119482.79
2025-10-28T23:42:49.477814,waste_management,0,0,120942.2
2025-10-28T23:42:49.478102,water_quality,0,0,120930.18
2025-10-28T23:42:49.478379,water_quality,0,0,120926.95
2025-10-28T23:42:49.478661,waste_management,0,0,120919.89
2025-10-28T23:42:49.478970,waste_management,0,0,120910.78
2025-10-28T23:42:49.481278,water_quality,0,0,120897.79
2025-10-28T23:42:49.484640,waste_management,0,0,120888.22
2025-10-28T23:42:49.485507,water_quality,0,0,120882.95
2025-10-28T23:42:49.486064,waste_management,0,0,120868.14
2025-10-28T23:42:49.486551,waste_management,0,0,120863.42
2025-10-28T23:42:49.486876,water_quality,0,0,120845.57
2025-10-28T23:42:49.487169,water_quality,0,0,120842.99
2025-10-28T23:42:49.487420,water_quality,0,0,120842.32
2025-10-28T23:42:49.487660,water_quality,0,0,120828.41
2025-10-28T23:42:49.488276,water_quality,0,0,120811.24
2025-10-28T23:42:49.488890,water_quality,0,0,120795.88
2025-10-28T23:42:49.489227,waste_management,0,0,120793.1
2025-10-28T23:42:49.489559,waste_management,0,0,120787.47
2025-10-28T23:42:49.489893,water_quality,0,0,120784.56
2025-10-28T23:42:49.490627,water_quality,0,0,241118.95
2025-10-28T23:42:49.490875,waste_management,0,0,240895.33
2025-10-28T23:42:49.491108,waste_management,0,0,121075.74
2025-10-28T23:42:49.491333,waste_management,0,0,121054.82
2025-10-28T23:42:49.491557,waste_management,0,0,121045.34
2025-10-28T23:42:49.491769,water_quality,0,0,121036.18
2025-10-28T23:42:50.345430,water_quality,28,200,26.28
2025-10-28T23:42:50.451683,water_quality,28,200,63.28
2025-10-28T23:44:50.761703,waste_management,0,0,4.41
2025-10-28T23:44:50.771274,water_quality,0,0,12.14
2025-10-28T23:44:50.891675,water_quality,0,0,131.62
2025-10-28T23:44:51.087566,waste_management,0,500,120092.3
2025-10-28T23:44:51.087959,water_quality,0,500,120173.17
2025-10-28T23:44:51.088239,waste_management,0,500,120239.07
2025-10-28T23:44:51.535761,waste_management,0,0,529.1
2025-10-28T23:44:51.728942,water_quality,0,500,120196.99
2025-10-28T23:44:51.852350,water_quality,0,500,122073.01
2025-10-28T23:44:52.767604,water_quality,0,500,122938.46
2025-10-28T23:44:52.962868,water_quality,0,500,123110.33
2025-10-28T23:44:53.227778,water_quality,0,500,123309.54
2025-10-28T23:44:53.422330,waste_management,0,500,123465.3
2025-10-28T23:44:54.032859,water_quality,0,500,124226.99
2025-10-28T23:44:54.345176,waste_management,0,500,124466.04
2025-10-28T23:44:54.565759,water_quality,0,500,124675.22
2025-10-28T23:44:54.783657,waste_management,0,500,124884.34
2025-10-28T23:44:55.521974,waste_management,0,500,125725.06
2025-10-28T23:44:56.581818,waste_management,0,500,126770.06
2025-10-28T23:44:57.171289,waste_management,0,500,127219.22
2025-10-28T23:44:57.363340,water_quality,0,0,5194.23
2025-10-28T23:44:57.378677,water_quality,0,0,5051.03
2025-10-28T23:44:57.385067,waste_management,0,0,5238.82
2025-10-28T23:44:57.386261,waste_management,0,0,4558.68
2025-10-28T23:44:57.388462,waste_management,0,0,2482.21
2025-10-28T23:44:57.389971,waste_management,0,0,4058.99
2025-10-28T23:44:57.391652,water_quality,0,0,3618.33
2025-10-28T23:44:57.393408,water_quality,0,0,3657.5
2025-10-28T23:44:57.398052,water_quality,0,0,3112.77
2025-10-28T23:44:57.399794,water_quality,0,0,3101.69
2025-10-28T23:44:57.402521,water_quality,0,0,2978.19
2025-10-28T23:44:57.474190,water_quality,0,0,2717.02
2025-10-28T23:44:57.479605,water_quality,0,0,1944.91
2025-10-28T23:44:57.484459,waste_management,0,0,2483.9
2025-10-28T23:44:57.512997,water_quality,0,0,2422.6
2025-10-28T23:44:57.517684,waste_management,0,0,1161.53
2025-10-28T23:44:57.526595,water_quality,0,0,230.75
2025-10-28T23:44:57.549258,water_quality,0,0,1571.06
2025-10-28T23:44:57.577035,water_quality,0,0,1289.71
2025-10-28T23:44:57.578000,water_quality,0,0,13.07
2025-10-28T23:44:57.606008,waste_management,0,0,279.0
2025-10-28T23:44:57.616121,water_quality,0,0,319.08
2025-10-28T23:44:57.925071,waste_management,0,500,128085.76
2025-10-28T23:44:58.252418,water_quality,0,500,128472.47
2025-10-28T23:44:58.789061,water_quality,0,500,128976.7
2025-10-28T23:44:59.098744,water_quality,0,500,129293.6
2025-10-28T23:44:59.369363,waste_management,0,0,1098.18
2025-10-28T23:44:59.379244,water_quality,0,0,814.18
2025-10-28T23:44:59.395754,water_quality,0,0,32.9
2025-10-28T23:46:50.914133,waste_management,0,0,111489.07
2025-10-28T23:46:50.914679,waste_management,0,0,111056.3
2025-10-28T23:46:50.914960,water_quality,0,0,239790.21
2025-10-28T23:46:50.915164,water_quality,0,0,118992.2
2025-10-28T23:46:50.915341,water_quality,0,0,118436.69
2025-10-28T23:46:50.915500,water_quality,0,0,118431.64
2025-10-28T23:46:50.915660,waste_management,0,0,113006.34
2025-10-28T23:46:50.915830,water_quality,0,0,112946.7
2025-10-28T23:46:50.915982,water_quality,0,0,112931.16
2025-10-28T23:46:50.916120,waste_management,0,0,112910.48
2025-10-28T23:46:50.916270,water_quality,0,0,112890.16
2025-10-28T23:46:50.920191,waste_management,0,0,111149.25
2025-10-28T23:46:50.920786,water_quality,0,0,240202.66
2025-10-28T23:46:50.921057,waste_management,0,0,119654.86
2025-10-28T23:46:50.921244,waste_management,0,0,119631.63
2025-10-28T23:46:50.921403,waste_management,0,0,118833.78
2025-10-28T23:46:50.921541,waste_management,0,0,118109.37
2025-10-28T23:46:50.921683,water_quality,0,0,113143.74
2025-10-28T23:46:50.921875,waste_management,0,0,113111.41
2025-10-28T23:46:50.922029,water_quality,0,0,113055.08
2025-10-28T23:46:50.922166,water_quality,0,0,113013.91
2025-10-28T23:46:50.922303,waste_management,0,0,112917.54
2025-10-28T23:46:50.922436,water_quality,0,0,112891.62
2025-10-28T23:46:50.922577,waste_management,0,0,112858.84
2025-10-28T23:46:50.922713,waste_management,0,0,112820.95
2025-10-28T23:46:50.922869,water_quality,0,0,112741.75
2025-10-28T23:46:50.923054,waste_management,0,0,240221.01
2025-10-28T23:46:50.923240,water_quality,0,0,112509.31
2025-10-28T23:46:50.923413,waste_management,0,0,119836.88
2025-10-28T23:46:50.923576,waste_management,0,0,112334.9
2025-10-28T23:46:50.923749,water_quality,0,0,119303.07
2025-10-28T23:46:50.924132,water_quality,0,0,113234.01
2025-10-28T23:46:50.925339,water_quality,0,0,109744.33
2025-10-28T23:46:50.925548,water_quality,0,0,113084.74
2025-10-28T23:46:50.925707,waste_management,0,0,113069.0
2025-10-28T23:46:50.925864,waste_management,0,0,113064.31
2025-10-28T23:46:50.926197,waste_management,0,0,112986.68
2025-10-28T23:46:50.926339,water_quality,0,0,112979.15
2025-10-28T23:46:50.926484,water_quality,0,0,112730.93
2025-10-28T23:46:50.926633,water_quality,0,0,112225.66
2025-10-28T23:46:52.213212,water_quality,0,0,241763.77
2025-10-28T23:46:52.214044,water_quality,0,0,362353.43
2025-10-28T23:46:52.214549,water_quality,0,0,70980.78
2025-10-28T23:46:52.214905,waste_management,0,0,70830.61
2025-10-28T23:46:52.216870,water_quality,0,0,70514.1
2025-10-28T23:46:52.217437,water_quality,0,0,70780.97
2025-10-28T23:46:52.219625,water_quality,0,0,70354.46
2025-10-28T23:46:52.220570,water_quality,0,0,70949.04
2025-10-28T23:46:52.221895,water_quality,0,0,70747.68
2025-10-28T23:46:52.223398,waste_management,0,0,70368.08
2025-10-28T23:46:52.223778,water_quality,0,0,70151.42
2025-10-28T23:46:52.224003,waste_management,0,0,70332.8
2025-10-28T23:46:52.229640,waste_management,0,0,117898.69
2025-10-28T23:46:52.229851,waste_management,0,0,242420.01
2025-10-28T23:46:52.230055,waste_management,0,0,116342.02
2025-10-28T23:46:52.230226,water_quality,0,0,242412.99
2025-10-28T23:46:52.230585,water_quality,0,0,242384.99
2025-10-28T23:46:52.231111,waste_management,0,0,118776.15
2025-10-28T23:46:52.231260,waste_management,0,0,242344.65
2025-10-28T23:46:52.231717,water_quality,0,0,242297.67
2025-10-28T23:46:52.231921,waste_management,0,0,242242.47
2025-10-28T23:46:52.232053,waste_management,0,0,242240.6
2025-10-28T23:46:52.232198,water_quality,0,0,242228.91
2025-10-28T23:46:52.232374,water_quality,0,0,242209.79
2025-10-28T23:46:52.232520,waste_management,0,0,242193.87
2025-10-28T23:46:52.232659,water_quality,0,0,242177.02
2025-10-28T23:46:52.232794,water_quality,0,0,242177.69
2025-10-28T23:46:52.232936,water_quality,0,0,69629.01
2025-10-28T23:46:52.233077,waste_management,0,0,242166.31
2025-10-28T23:46:52.233213,water_quality,0,0,242165.43
2025-10-28T23:46:52.233494,waste_management,0,0,69607.75
2025-10-28T23:48:52.434154,water_quality,0,500,120672.13
2025-10-28T23:48:52.438153,water_quality,0,500,121122.59
2025-10-28T23:48:52.519569,water_quality,0,500,121247.21
2025-10-28T23:48:52.520073,water_quality,0,500,120295.83
2025-10-28T23:48:52.521068,water_quality,0,500,120305.65
2025-10-28T23:48:52.521520,water_quality,0,500,121254.62
2025-10-28T23:48:52.521943,waste_management,0,500,120294.55
2025-10-28T23:48:52.522380,waste_management,0,500,121114.04
2025-10-28T23:48:52.522789,waste_management,0,500,120827.35
2025-10-28T23:48:52.523199,waste_management,0,500,121130.3
2025-10-28T23:48:52.524297,waste_management,0,500,121010.55
2025-10-28T23:48:52.524668,water_quality,0,500,120298.09
2025-10-28T23:48:52.525693,water_quality,0,500,120213.77
2025-10-28T23:48:52.526117,waste_management,0,500,120297.85
2025-10-28T23:48:52.528013,water_quality,0,401,103.74
2025-10-28T23:48:52.528849,water_quality,0,500,121069.11
2025-10-28T23:48:52.530591,water_quality,0,401,11.82
2025-10-28T23:48:52.539699,waste_management,0,0,119568.01
2025-10-28T23:48:52.549541,waste_management,0,0,121279.79
2025-10-28T23:48:52.549905,waste_management,0,0,121270.05
2025-10-28T23:48:52.550140,waste_management,0,0,121237.5
2025-10-28T23:48:52.550376,water_quality,0,0,121206.06
2025-10-28T23:48:52.550581,waste_management,0,0,121195.6
2025-10-28T23:48:52.550775,water_quality,0,0,121157.19
2025-10-28T23:48:52.551001,waste_management,0,0,121144.48
2025-10-28T23:48:52.551208,water_quality,0,0,121109.08
2025-10-28T23:48:52.551399,water_quality,0,0,121105.37
2025-10-28T23:48:52.551554,water_quality,0,0,121094.67
2025-10-28T23:48:52.551701,water_quality,0,0,121041.59
2025-10-28T23:48:52.551865,waste_management,0,0,121034.57
2025-10-28T23:48:52.552033,waste_management,0,0,120890.17
2025-10-28T23:48:52.552426,water_quality,0,0,120841.56
2025-10-28T23:48:52.552583,waste_management,0,0,120829.52
2025-10-28T23:48:52.552740,waste_management,0,0,120700.76
2025-10-28T23:48:52.552900,water_quality,0,0,120502.1
2025-10-28T23:48:52.553066,water_quality,0,0,120302.62
2025-10-28T23:48:52.553253,waste_management,0,0,120022.98
2025-10-28T23:48:52.553667,waste_management,0,0,119981.98
2025-10-28T23:48:52.553897,water_quality,0,0,119960.28
2025-10-28T23:48:52.554080,waste_management,0,0,119912.52
2025-10-28T23:48:52.554282,waste_management,0,0,119906.18
2025-10-28T23:48:52.554690,water_quality,0,0,119756.42
2025-10-28T23:48:52.555309,water_quality,0,0,119353.14
2025-10-28T23:48:52.555461,waste_management,0,0,119840.41
2025-10-28T23:48:52.555638,water_quality,0,0,119813.15
2025-10-28T23:48:52.555783,water_quality,0,0,119805.3
2025-10-28T23:48:52.556088,waste_management,0,0,119754.28
2025-10-28T23:48:52.557091,waste_management,0,0,119751.93
2025-10-28T23:48:52.557272,waste_management,0,0,119751.01
2025-10-28T23:48:52.557409,waste_management,0,0,119750.61
2025-10-28T23:48:52.557718,waste_management,0,0,119744.82
2025-10-28T23:48:52.557871,water_quality,0,0,119737.76
2025-10-28T23:48:52.558013,waste_management,0,0,119737.24
2025-10-28T23:48:52.558182,water_quality,0,0,119587.07
2025-10-28T23:48:52.558334,water_quality,0,0,119556.61
2025-10-28T23:48:52.558460,waste_management,0,0,119548.61
2025-10-28T23:48:52.558589,water_quality,0,0,119489.76
2025-10-28T23:48:52.558716,waste_management,0,0,119442.72
2025-10-28T23:48:52.558894,water_quality,0,0,120027.94
2025-10-28T23:48:52.559056,water_quality,0,0,120023.21
2025-10-28T23:48:52.559525,water_quality,0,0,120017.57
2025-10-28T23:48:52.559681,water_quality,0,0,119991.65
2025-10-28T23:48:52.559821,waste_management,0,0,119991.03
2025-10-28T23:48:52.559974,waste_management,0,0,119985.78
2025-10-28T23:48:52.560108,water_quality,0,0,119971.56
2025-10-28T23:48:52.560245,water_quality,0,0,119967.47
2025-10-28T23:48:52.560374,water_quality,0,0,119962.58
2025-10-28T23:48:52.560527,water_quality,0,0,119958.86
2025-10-28T23:48:52.560715,water_quality,0,0,119954.75
2025-10-28T23:48:52.560894,waste_management,0,0,119948.58
2025-10-28T23:48:52.561102,water_quality,0,0,119943.23
2025-10-28T23:48:52.561296,water_quality,0,0,119937.48
2025-10-28T23:48:52.561482,waste_management,0,0,119935.74
2025-10-28T23:48:52.561624,water_quality,0,0,119928.92
2025-10-28T23:48:52.561926,water_quality,0,0,119915.55
2025-10-28T23:48:52.562054,waste_management,0,0,119896.85
2025-10-28T23:48:52.563549,water_quality,0,0,119897.73
2025-10-28T23:48:52.564058,waste_management,0,0,119889.27
2025-10-28T23:48:52.564226,waste_management,0,0,119883.41
2025-10-28T23:48:52.564374,water_quality,0,0,119857.25
2025-10-28T23:48:52.572402,water_quality,0,503,120346.73
2025-10-28T23:48:52.578116,waste_management,0,503,120614.15
2025-10-28T23:48:52.580653,waste_management,1,200,121200.8
2025-10-28T23:48:52.586047,waste_management,1,200,121341.24
2025-10-28T23:48:52.587505,waste_management,1,200,121065.54
2025-10-28T23:48:52.588064,waste_management,1,200,120365.73
2025-10-28T23:48:52.606738,waste_management,1,200,121317.03
2025-10-28T23:48:52.618864,water_quality,28,200,121110.25
2025-10-28T23:48:52.630280,water_quality,28,200,120915.95
2025-10-28T23:48:52.631317,waste_management,1,200,121177.49
2025-10-28T23:48:52.655253,water_quality,28,200,120429.75
2025-10-28T23:48:52.772953,waste_management,1,200,108780.92
2025-10-28T23:48:52.775548,water_quality,28,200,108858.11
2025-10-28T23:48:52.778616,water_quality,28,200,108762.16
2025-10-28T23:48:52.779068,waste_management,1,200,108934.85
2025-10-28T23:48:52.779880,waste_management,1,200,120172.61
2025-10-28T23:48:52.781885,water_quality,28,200,108915.04
2025-10-28T23:48:52.782229,waste_management,1,200,108963.23
2025-10-28T23:48:53.183810,water_quality,27,200,662.82
2025-10-28T23:48:53.443318,waste_management,1,200,113.18
2025-10-28T23:48:58.810781,water_quality,25,200,5478.54
2025-10-28T23:50:53.736290,waste_management,0,500,120311.0
2025-10-28T23:50:53.736979,water_quality,0,500,120321.55
2025-10-28T23:50:53.737966,waste_management,0,500,120208.34
2025-10-28T23:50:53.738623,water_quality,0,500,120165.88
2025-10-28T23:50:53.741269,water_quality,0,500,120144.37
2025-10-28T23:50:53.776766,waste_management,0,500,120890.67
2025-10-28T23:50:53.779205,water_quality,0,500,120925.1
2025-10-28T23:50:53.781794,waste_management,0,500,120880.92
2025-10-28T23:50:53.785157,water_quality,0,500,120916.72
2025-10-28T23:50:53.788319,water_quality,0,500,121246.5
2025-10-28T23:50:53.789647,water_quality,0,500,121243.7
2025-10-28T23:50:53.791397,waste_management,0,500,120921.8
2025-10-28T23:50:53.801101,water_quality,0,500,120884.87
2025-10-28T23:50:53.801707,waste_management,0,500,120860.74
2025-10-28T23:50:53.803002,water_quality,0,500,121260.75
2025-10-28T23:50:53.803446,waste_management,0,500,121261.35
2025-10-28T23:50:53.803744,waste_management,0,500,121262.07
2025-10-28T23:50:53.805906,water_quality,0,500,120870.68
2025-10-28T23:50:53.806843,water_quality,0,500,121265.9
2025-10-28T23:50:53.808657,waste_management,0,500,121267.95
2025-10-28T23:50:53.809465,water_quality,0,500,121268.13
2025-10-28T23:50:53.810148,waste_management,0,500,121268.64
2025-10-28T23:50:53.810927,water_quality,0,500,121268.97
2025-10-28T23:50:53.811586,water_quality,0,500,121271.17
2025-10-28T23:50:53.811930,waste_management,0,500,121270.78
2025-10-28T23:50:59.064459,water_quality,0,500,125666.98
2025-10-28T23:50:59.099711,water_quality,0,500,126152.53
2025-10-28T23:50:59.102085,waste_management,0,500,126555.17
2025-10-28T23:50:59.104350,waste_management,0,500,126558.6
2025-10-28T23:50:59.106561,waste_management,0,500,126560.27
2025-10-28T23:50:59.108822,water_quality,0,500,126562.05
2025-10-28T23:50:59.111264,waste_management,0,500,126212.5
2025-10-28T23:50:59.112961,waste_management,0,500,126170.68
2025-10-28T23:50:59.114834,water_quality,0,500,126164.88
2025-10-28T23:50:59.117657,waste_management,0,500,126570.62
2025-10-28T23:50:59.118428,water_quality,0,500,126572.3
2025-10-28T23:50:59.119142,water_quality,0,500,126244.39
2025-10-28T23:50:59.122270,water_quality,0,500,126205.99
2025-10-28T23:52:54.064045,water_quality,0,500,240566.94
2025-10-28T23:52:54.065217,water_quality,0,500,240652.21
2025-10-28T23:52:54.066621,waste_management,0,500,240039.77
2025-10-28T23:52:54.067963,water_quality,0,500,240142.89
2025-10-28T23:52:54.069095,water_quality,0,500,239222.33
2025-10-28T23:52:54.069463,water_quality,0,500,240311.97
2025-10-28T23:52:54.069820,waste_management,0,503,240330.53
2025-10-28T23:52:54.071719,waste_management,0,500,240224.52
2025-10-28T23:52:54.073314,waste_management,0,503,240262.19
2025-10-28T23:52:54.075042,water_quality,0,500,240158.89
2025-10-28T23:52:54.076211,water_quality,0,500,238947.06
2025-10-28T23:52:54.096300,water_quality,0,500,238862.58
2025-10-28T23:52:54.100116,water_quality,0,500,239354.28
2025-10-28T23:52:54.114521,waste_management,0,500,241173.05
2025-10-28T23:52:54.116041,water_quality,0,500,241197.64
2025-10-28T23:52:54.117655,water_quality,0,500,241159.5
2025-10-28T23:52:54.118651,water_quality,0,500,241165.57
2025-10-28T23:52:54.119530,water_quality,0,500,241207.05
2025-10-28T23:52:54.120333,waste_management,0,500,241031.16
2025-10-28T23:52:54.121117,water_quality,0,500,241033.85
2025-10-28T23:52:54.121919,water_quality,0,500,241103.78
2025-10-28T23:52:54.122683,water_quality,0,500,241005.52
2025-10-28T23:52:54.123456,waste_management,0,500,241164.56
2025-10-28T23:52:54.124265,water_quality,0,500,241232.8
2025-10-28T23:52:54.125368,waste_management,0,500,241151.94
2025-10-28T23:52:54.126152,waste_management,0,500,241217.83
2025-10-28T23:52:54.127133,water_quality,0,500,241074.54
2025-10-28T23:52:54.127915,water_quality,0,500,241161.32
2025-10-28T23:52:54.129009,water_quality,0,500,241026.57
2025-10-28T23:52:54.129794,water_quality,0,500,241172.69
2025-10-28T23:52:54.130887,water_quality,0,500,241147.34
2025-10-28T23:52:54.131994,waste_management,0,500,241023.55
2025-10-28T23:52:54.132776,water_quality,0,500,241227.69
2025-10-28T23:52:54.133567,waste_management,0,500,240999.28
2025-10-28T23:52:55.404504,waste_management,0,500,120351.13
2025-10-28T23:52:59.396636,water_quality,0,500,240010.0
2025-10-28T23:52:59.409784,waste_management,0,500,246430.08
2025-10-28T23:52:59.417254,waste_management,0,500,246404.39
2025-10-28T23:52:59.444274,waste_management,0,500,246455.34
2025-10-28T23:52:59.446923,waste_management,0,500,246265.69
2025-10-28T23:52:59.449517,water_quality,0,500,246430.29
2025-10-28T23:52:59.450782,water_quality,0,500,246445.53
2025-10-28T23:52:59.451757,waste_management,0,500,246438.11
2025-10-28T23:52:59.452345,waste_management,0,500,246907.73
2025-10-28T23:52:59.452702,waste_management,0,500,246615.94
2025-10-28T23:52:59.453036,water_quality,0,500,246441.83
2025-10-28T23:52:59.453743,waste_management,0,500,246438.83
2025-10-28T23:52:59.730128,water_quality,0,500,120114.99
2025-10-28T23:52:59.732516,water_quality,0,500,120049.91
2025-10-28T23:52:59.734959,waste_management,0,500,120225.65
2025-10-28T23:52:59.737516,waste_management,0,500,120231.96
2025-10-28T23:52:59.740170,waste_management,0,500,120066.55
2025-10-28T23:53:00.062221,water_quality,0,500,120240.85
2025-10-28T23:53:00.063425,water_quality,0,500,120241.06
2025-10-28T23:53:00.064620,waste_management,0,500,120238.0
2025-10-28T23:53:00.397407,water_quality,0,500,120113.5
2025-10-28T23:53:00.730062,waste_management,0,500,120179.14
2025-10-28T23:53:01.060831,waste_management,0,500,120306.71
2025-10-28T23:53:01.399031,waste_management,0,500,120095.05
2025-10-28T23:53:06.397285,water_quality,0,500,120047.25
2025-10-28T23:53:09.396838,water_quality,0,500,120245.58
2025-10-28T23:53:15.060654,water_quality,0,500,120316.71
2025-10-28T23:53:19.063211,water_quality,0,500,120128.91
2025-10-28T23:53:22.059419,water_quality,0,500,120315.86
2025-10-28T23:53:26.060353,water_quality,0,500,120135.38
2025-10-28T23:53:30.393682,waste_management,0,500,120210.4
2025-10-28T23:53:31.726830,waste_management,0,500,120177.64
2025-10-28T23:53:33.060117,waste_management,0,500,120105.9
2025-10-28T23:53:33.060898,waste_management,0,500,279631.5
2025-10-28T23:54:54.398354,water_quality,0,500,240278.93
2025-10-28T23:54:54.399780,waste_management,0,500,240101.48
2025-10-28T23:54:54.400952,waste_management,0,500,240175.01
2025-10-28T23:54:54.413409,waste_management,0,500,240314.13
2025-10-28T23:54:54.415349,water_quality,0,500,240152.79
2025-10-28T23:54:54.424099,water_quality,0,500,240044.96
2025-10-28T23:54:54.426342,waste_management,0,500,240116.45
2025-10-28T23:54:54.447961,water_quality,0,500,240174.0
2025-10-28T23:54:54.457653,water_quality,0,500,361365.41
2025-10-28T23:54:54.458086,water_quality,0,500,239799.26
2025-10-28T23:54:54.460590,waste_management,0,500,361427.97
2025-10-28T23:54:54.462100,water_quality,0,500,240293.48
2025-10-28T23:54:54.463198,water_quality,0,500,361413.18
2025-10-28T23:54:54.464200,waste_management,0,500,239472.3
2025-10-28T23:54:54.465994,water_quality,0,500,361319.27
2025-10-28T23:54:54.466957,water_quality,0,500,361345.86
2025-10-28T23:54:54.468933,waste_management,0,500,361407.78
2025-10-28T23:54:54.470639,waste_management,0,500,361372.16
2025-10-28T23:54:54.472540,waste_management,0,500,361374.59
2025-10-28T23:54:54.473386,water_quality,0,500,361408.38
2025-10-28T23:54:54.474539,waste_management,0,500,361432.57
2025-10-28T23:54:54.479658,waste_management,0,500,361373.41
2025-10-28T23:54:54.480250,waste_management,0,500,361370.05
2025-10-28T23:54:54.480842,waste_management,0,500,361369.17
2025-10-28T23:54:54.481413,waste_management,0,500,361430.62
2025-10-28T23:54:54.482095,waste_management,0,500,361352.99
2025-10-28T23:54:54.482725,waste_management,0,500,361341.86
2025-10-28T23:54:54.483254,water_quality,0,500,361374.25
2025-10-28T23:54:54.483839,water_quality,0,500,361369.6
2025-10-28T23:54:54.484394,waste_management,0,500,361394.9
2025-10-28T23:54:54.485112,waste_management,0,500,361357.69
2025-10-28T23:54:54.731453,waste_management,0,500,120039.38
2025-10-28T23:54:54.732854,water_quality,0,500,120078.44
2025-10-28T23:54:54.734153,water_quality,0,500,120160.88
2025-10-28T23:54:54.735366,water_quality,0,500,120158.92
2025-10-28T23:54:54.736620,water_quality,0,500,120074.02
2025-10-28T23:54:54.738071,waste_management,0,500,120174.72
2025-10-28T23:54:54.739291,water_quality,0,500,120141.4
2025-10-28T23:54:54.740664,water_quality,0,500,120082.71
2025-10-28T23:54:54.743408,waste_management,0,500,120052.61
2025-10-28T23:54:54.746472,water_quality,0,500,120123.92
2025-10-28T23:54:55.064522,waste_management,0,500,120212.9
2025-10-28T23:54:55.069137,water_quality,0,500,120158.18
2025-10-28T23:54:55.071564,water_quality,0,500,120115.78
2025-10-28T23:54:55.395627,water_quality,0,500,120346.66
2025-10-28T23:54:55.396921,waste_management,0,500,120181.16
2025-10-28T23:54:55.729596,waste_management,0,500,120315.77
2025-10-28T23:54:55.731091,waste_management,0,500,120154.04
2025-10-28T23:54:55.732535,waste_management,0,500,120330.12
2025-10-28T23:54:56.063623,water_quality,0,500,120080.45
2025-10-28T23:54:56.396465,waste_management,0,500,120204.47
2025-10-28T23:54:57.396002,waste_management,0,500,120238.69
2025-10-28T23:54:59.730188,water_quality,0,500,240224.04
2025-10-28T23:54:59.734474,water_quality,0,500,240297.46
2025-10-28T23:54:59.754797,water_quality,0,500,366599.49
2025-10-28T23:54:59.758002,water_quality,0,500,366607.6
2025-10-28T23:54:59.764141,waste_management,0,500,366540.94
2025-10-28T23:54:59.766635,water_quality,0,500,366478.79
2025-10-28T23:54:59.769322,waste_management,0,500,366521.55
2025-10-28T23:54:59.770998,water_quality,0,500,366907.69
2025-10-28T23:54:59.772187,waste_management,0,500,366815.72
2025-10-28T23:54:59.782683,waste_management,0,500,366847.92
2025-10-28T23:54:59.788354,waste_management,0,500,366844.17
2025-10-28T23:54:59.790081,water_quality,0,500,367245.64
2025-10-28T23:54:59.791563,waste_management,0,500,367248.81
2025-10-28T23:54:59.792658,water_quality,0,500,367248.56
